ID_LATTES	NM_PROGRAMA_IES	NM_ENTIDADE_ENSINO
3355963647616547	CIÊNCIA DA INFORMAÇÃO	UNIVERSIDADE FEDERAL DO PARÁ
1388841813412015	CIÊNCIA DA INFORMAÇÃO	UNIVERSIDADE FEDERAL DO PARÁ
6737749200665570	CIÊNCIA DA INFORMAÇÃO	UNIVERSIDADE FEDERAL DO PARÁ
6976397161261491	CIÊNCIA DA INFORMAÇÃO	UNIVERSIDADE FEDERAL DO PARÁ
2126481201660872	CIÊNCIA DA INFORMAÇÃO	UNIVERSIDADE FEDERAL DO PARÁ
7479155415193658	CIÊNCIA DA INFORMAÇÃO	UNIVERSIDADE FEDERAL DO PARÁ
5556499513805582	CIÊNCIA DA INFORMAÇÃO	UNIVERSIDADE FEDERAL DO PARÁ
2484200467965399	CIÊNCIA DA INFORMAÇÃO	UNIVERSIDADE FEDERAL DO PARÁ
9613980184982976	CIÊNCIA DA INFORMAÇÃO	UNIVERSIDADE FEDERAL DO PARÁ
0339496971217162	CIÊNCIA DA INFORMAÇÃO	UNIVERSIDADE FEDERAL DO PARÁ
1678579864255236	CIÊNCIA DA INFORMAÇÃO	UNIVERSIDADE FEDERAL DO PARÁ
8152394509168605	CIÊNCIA DA INFORMAÇÃO	UNIVERSIDADE FEDERAL DO PARÁ
9936991322389586	CIÊNCIA DA INFORMAÇÃO	UNIVERSIDADE FEDERAL DO PARÁ
9296179246118904	CIÊNCIA DA INFORMAÇÃO	UNIVERSIDADE FEDERAL DO PARÁ
9550647395377220	CIÊNCIA DA INFORMAÇÃO	UNIVERSIDADE FEDERAL DO PARÁ
3172995771315859	CIÊNCIA DA INFORMAÇÃO	UNIVERSIDADE FEDERAL DO PARÁ
5819951651545585	CIÊNCIA DA INFORMAÇÃO	UNIVERSIDADE FEDERAL DO PARÁ
0976534900847907	CIÊNCIA DA INFORMAÇÃO	UNIVERSIDADE FEDERAL DO PARÁ
0924734376057863	CIÊNCIA DA INFORMAÇÃO	UNIVERSIDADE FEDERAL DO PARÁ
6085807397296909	CIÊNCIA DA INFORMAÇÃO	UNIVERSIDADE FEDERAL DO PARÁ
7647896359798477	CIÊNCIA DA INFORMAÇÃO	UNIVERSIDADE FEDERAL DO CEARÁ
0644851336615059	CIÊNCIA DA INFORMAÇÃO	UNIVERSIDADE FEDERAL DO CEARÁ
7584115523461248	CIÊNCIA DA INFORMAÇÃO	UNIVERSIDADE FEDERAL DO CEARÁ
6346079652322359	CIÊNCIA DA INFORMAÇÃO	UNIVERSIDADE FEDERAL DO CEARÁ
3383299470190507	CIÊNCIA DA INFORMAÇÃO	UNIVERSIDADE FEDERAL DO CEARÁ
9393190768810116	CIÊNCIA DA INFORMAÇÃO	UNIVERSIDADE FEDERAL DO CEARÁ
8811165871130066	CIÊNCIA DA INFORMAÇÃO	UNIVERSIDADE FEDERAL DO CEARÁ
2053936680844527	CIÊNCIA DA INFORMAÇÃO	UNIVERSIDADE FEDERAL DO CEARÁ
4580502642241951	CIÊNCIA DA INFORMAÇÃO	UNIVERSIDADE FEDERAL DO CEARÁ
9944781887088838	CIÊNCIA DA INFORMAÇÃO	UNIVERSIDADE FEDERAL DO CEARÁ
1759902798115392	CIÊNCIA DA INFORMAÇÃO	UNIVERSIDADE FEDERAL DO CEARÁ
2825957670105564	CIÊNCIA DA INFORMAÇÃO	UNIVERSIDADE FEDERAL DO CEARÁ
2401685290370393	CIÊNCIA DA INFORMAÇÃO	UNIVERSIDADE FEDERAL DO CEARÁ
1806063717574977	BIBLIOTECONOMIA	UNIVERSIDADE FEDERAL DO CARIRI
0013890432793373	BIBLIOTECONOMIA	UNIVERSIDADE FEDERAL DO CARIRI
0939531253224149	BIBLIOTECONOMIA	UNIVERSIDADE FEDERAL DO CARIRI
1273037072033521	BIBLIOTECONOMIA	UNIVERSIDADE FEDERAL DO CARIRI
5619979866984830	BIBLIOTECONOMIA	UNIVERSIDADE FEDERAL DO CARIRI
1365092858604074	BIBLIOTECONOMIA	UNIVERSIDADE FEDERAL DO CARIRI
4998271672992540	BIBLIOTECONOMIA	UNIVERSIDADE FEDERAL DO CARIRI
3561131844492762	BIBLIOTECONOMIA	UNIVERSIDADE FEDERAL DO CARIRI
0148195378287401	BIBLIOTECONOMIA	UNIVERSIDADE FEDERAL DO CARIRI
1769678534430582	BIBLIOTECONOMIA	UNIVERSIDADE FEDERAL DO CARIRI
4043001469234206	BIBLIOTECONOMIA	UNIVERSIDADE FEDERAL DO CARIRI
3948252543083879	BIBLIOTECONOMIA	UNIVERSIDADE FEDERAL DO CARIRI
1049186978910803	BIBLIOTECONOMIA	UNIVERSIDADE FEDERAL DO CARIRI
8493209936697007	BIBLIOTECONOMIA	UNIVERSIDADE FEDERAL DO CARIRI
5194942555377349	BIBLIOTECONOMIA	UNIVERSIDADE FEDERAL DO CARIRI
9873581625743462	BIBLIOTECONOMIA	UNIVERSIDADE FEDERAL DO CARIRI
6421811965337503	BIBLIOTECONOMIA	UNIVERSIDADE FEDERAL DO CARIRI
9855397515537899	BIBLIOTECONOMIA	UNIVERSIDADE FEDERAL DO CARIRI
2376636144965734	BIBLIOTECONOMIA	UNIVERSIDADE FEDERAL DO CARIRI
7431498333122929	BIBLIOTECONOMIA	UNIVERSIDADE FEDERAL DO CARIRI
2814835220579666	BIBLIOTECONOMIA	UNIVERSIDADE FEDERAL DO CARIRI
4506080444921335	BIBLIOTECONOMIA	UNIVERSIDADE FEDERAL DO CARIRI
8413756820860572	BIBLIOTECONOMIA	UNIVERSIDADE FEDERAL DO CARIRI
7864092926643460	GESTÃO DA INFORMAÇÃO E DO CONHECIMENTO	UNIVERSIDADE FEDERAL DO RIO GRANDE DO NORTE
5678994663094158	GESTÃO DA INFORMAÇÃO E DO CONHECIMENTO	UNIVERSIDADE FEDERAL DO RIO GRANDE DO NORTE
1609557353294133	GESTÃO DA INFORMAÇÃO E DO CONHECIMENTO	UNIVERSIDADE FEDERAL DO RIO GRANDE DO NORTE
0017857898026618	GESTÃO DA INFORMAÇÃO E DO CONHECIMENTO	UNIVERSIDADE FEDERAL DO RIO GRANDE DO NORTE
8600703674458800	GESTÃO DA INFORMAÇÃO E DO CONHECIMENTO	UNIVERSIDADE FEDERAL DO RIO GRANDE DO NORTE
9461909998413307	GESTÃO DA INFORMAÇÃO E DO CONHECIMENTO	UNIVERSIDADE FEDERAL DO RIO GRANDE DO NORTE
7672865939553870	GESTÃO DA INFORMAÇÃO E DO CONHECIMENTO	UNIVERSIDADE FEDERAL DO RIO GRANDE DO NORTE
3834444250606399	GESTÃO DA INFORMAÇÃO E DO CONHECIMENTO	UNIVERSIDADE FEDERAL DO RIO GRANDE DO NORTE
4140071819487172	GESTÃO DA INFORMAÇÃO E DO CONHECIMENTO	UNIVERSIDADE FEDERAL DO RIO GRANDE DO NORTE
8939049222796130	GESTÃO DA INFORMAÇÃO E DO CONHECIMENTO	UNIVERSIDADE FEDERAL DO RIO GRANDE DO NORTE
0229537475582012	GESTÃO DA INFORMAÇÃO E DO CONHECIMENTO	UNIVERSIDADE FEDERAL DO RIO GRANDE DO NORTE
1727550604163016	GESTÃO DA INFORMAÇÃO E DO CONHECIMENTO	UNIVERSIDADE FEDERAL DO RIO GRANDE DO NORTE
2292727379014867	CIÊNCIA DA INFORMAÇÃO	UNIVERSIDADE FEDERAL DA PARAÍBA ( JOÃO PESSOA )
0221265788966967	CIÊNCIA DA INFORMAÇÃO	UNIVERSIDADE FEDERAL DA PARAÍBA ( JOÃO PESSOA )
4161078945259300	CIÊNCIA DA INFORMAÇÃO	UNIVERSIDADE FEDERAL DA PARAÍBA ( JOÃO PESSOA )
9152981469958239	CIÊNCIA DA INFORMAÇÃO	UNIVERSIDADE FEDERAL DA PARAÍBA ( JOÃO PESSOA )
9665648668089568	CIÊNCIA DA INFORMAÇÃO	UNIVERSIDADE FEDERAL DA PARAÍBA ( JOÃO PESSOA )
8992341585329383	CIÊNCIA DA INFORMAÇÃO	UNIVERSIDADE FEDERAL DA PARAÍBA ( JOÃO PESSOA )
0252677389291551	CIÊNCIA DA INFORMAÇÃO	UNIVERSIDADE FEDERAL DA PARAÍBA ( JOÃO PESSOA )
3942210361822168	CIÊNCIA DA INFORMAÇÃO	UNIVERSIDADE FEDERAL DA PARAÍBA ( JOÃO PESSOA )
2774920113255079	CIÊNCIA DA INFORMAÇÃO	UNIVERSIDADE FEDERAL DA PARAÍBA ( JOÃO PESSOA )
7223433849369850	CIÊNCIA DA INFORMAÇÃO	UNIVERSIDADE FEDERAL DA PARAÍBA ( JOÃO PESSOA )
8430720903326399	CIÊNCIA DA INFORMAÇÃO	UNIVERSIDADE FEDERAL DA PARAÍBA ( JOÃO PESSOA )
6762905361803183	CIÊNCIA DA INFORMAÇÃO	UNIVERSIDADE FEDERAL DA PARAÍBA ( JOÃO PESSOA )
9310201739348129	CIÊNCIA DA INFORMAÇÃO	UNIVERSIDADE FEDERAL DA PARAÍBA ( JOÃO PESSOA )
7431498333122929	CIÊNCIA DA INFORMAÇÃO	UNIVERSIDADE FEDERAL DA PARAÍBA ( JOÃO PESSOA )
9118083826048075	CIÊNCIA DA INFORMAÇÃO	UNIVERSIDADE FEDERAL DA PARAÍBA ( JOÃO PESSOA )
5458344734085444	CIÊNCIA DA INFORMAÇÃO	UNIVERSIDADE FEDERAL DA PARAÍBA ( JOÃO PESSOA )
0920934902479266	CIÊNCIA DA INFORMAÇÃO	UNIVERSIDADE FEDERAL DA PARAÍBA ( JOÃO PESSOA )
9553707435669429	CIÊNCIA DA INFORMAÇÃO	UNIVERSIDADE FEDERAL DA PARAÍBA ( JOÃO PESSOA )
5646522403599369	CIÊNCIA DA INFORMAÇÃO	UNIVERSIDADE FEDERAL DA PARAÍBA ( JOÃO PESSOA )
5619979866984830	CIÊNCIA DA INFORMAÇÃO	UNIVERSIDADE FEDERAL DA PARAÍBA ( JOÃO PESSOA )
9024978229643441	CIÊNCIA DA INFORMAÇÃO	UNIVERSIDADE FEDERAL DA PARAÍBA ( JOÃO PESSOA )
2217613637426413	CIÊNCIA DA INFORMAÇÃO	UNIVERSIDADE FEDERAL DA PARAÍBA ( JOÃO PESSOA )
9847960499982828	CIÊNCIA DA INFORMAÇÃO	UNIVERSIDADE FEDERAL DA PARAÍBA ( JOÃO PESSOA )
0437948815138207	CIÊNCIA DA INFORMAÇÃO	UNIVERSIDADE FEDERAL DA PARAÍBA ( JOÃO PESSOA )
4231993792347599	CIÊNCIA DA INFORMAÇÃO	UNIVERSIDADE FEDERAL DA PARAÍBA ( JOÃO PESSOA )
7416324505673009	CIÊNCIA DA INFORMAÇÃO	UNIVERSIDADE FEDERAL DE PERNAMBUCO
7300520149420928	CIÊNCIA DA INFORMAÇÃO	UNIVERSIDADE FEDERAL DE PERNAMBUCO
5938270183811260	CIÊNCIA DA INFORMAÇÃO	UNIVERSIDADE FEDERAL DE PERNAMBUCO
4923627544089379	CIÊNCIA DA INFORMAÇÃO	UNIVERSIDADE FEDERAL DE PERNAMBUCO
7413464711814360	CIÊNCIA DA INFORMAÇÃO	UNIVERSIDADE FEDERAL DE PERNAMBUCO
3656327420806840	CIÊNCIA DA INFORMAÇÃO	UNIVERSIDADE FEDERAL DE PERNAMBUCO
9023999545198140	CIÊNCIA DA INFORMAÇÃO	UNIVERSIDADE FEDERAL DE PERNAMBUCO
1526528881898399	CIÊNCIA DA INFORMAÇÃO	UNIVERSIDADE FEDERAL DE PERNAMBUCO
2595121603577953	CIÊNCIA DA INFORMAÇÃO	UNIVERSIDADE FEDERAL DE PERNAMBUCO
4220711855480007	CIÊNCIA DA INFORMAÇÃO	UNIVERSIDADE FEDERAL DE PERNAMBUCO
1483750169047328	CIÊNCIA DA INFORMAÇÃO	UNIVERSIDADE FEDERAL DE PERNAMBUCO
2926539030183375	CIÊNCIA DA INFORMAÇÃO	UNIVERSIDADE FEDERAL DE PERNAMBUCO
7536537827447217	CIÊNCIA DA INFORMAÇÃO	UNIVERSIDADE FEDERAL DE PERNAMBUCO
2565474279842382	CIÊNCIA DA INFORMAÇÃO	UNIVERSIDADE FEDERAL DE PERNAMBUCO
3104358247786444	CIÊNCIA DA INFORMAÇÃO	UNIVERSIDADE FEDERAL DE ALAGOAS
3403467342603520	CIÊNCIA DA INFORMAÇÃO	UNIVERSIDADE FEDERAL DE ALAGOAS
6317834863149595	CIÊNCIA DA INFORMAÇÃO	UNIVERSIDADE FEDERAL DE ALAGOAS
6242230957935100	CIÊNCIA DA INFORMAÇÃO	UNIVERSIDADE FEDERAL DE ALAGOAS
9677263203563065	CIÊNCIA DA INFORMAÇÃO	UNIVERSIDADE FEDERAL DE ALAGOAS
9511112631138534	CIÊNCIA DA INFORMAÇÃO	UNIVERSIDADE FEDERAL DE ALAGOAS
3328212638040851	CIÊNCIA DA INFORMAÇÃO	UNIVERSIDADE FEDERAL DE ALAGOAS
3704296766875413	CIÊNCIA DA INFORMAÇÃO	UNIVERSIDADE FEDERAL DE ALAGOAS
8449472217863692	CIÊNCIA DA INFORMAÇÃO	UNIVERSIDADE FEDERAL DE ALAGOAS
7035677257870103	CIÊNCIA DA INFORMAÇÃO	UNIVERSIDADE FEDERAL DE ALAGOAS
5646522403599369	CIÊNCIA DA INFORMAÇÃO	UNIVERSIDADE FEDERAL DE ALAGOAS
2476575812399947	CIÊNCIA DA INFORMAÇÃO	UNIVERSIDADE FEDERAL DE ALAGOAS
1122196964622407	CIÊNCIA DA INFORMAÇÃO	UNIVERSIDADE FEDERAL DE ALAGOAS
3223150635170651	CIÊNCIA DA INFORMAÇÃO	UNIVERSIDADE FEDERAL DE ALAGOAS
8048999419906071	CIÊNCIA DA INFORMAÇÃO	UNIVERSIDADE FEDERAL DE ALAGOAS
2920056222023500	CIÊNCIA DA INFORMAÇÃO	UNIVERSIDADE FEDERAL DE ALAGOAS
5757752956884154	CIÊNCIA DA INFORMAÇÃO	UNIVERSIDADE FEDERAL DE ALAGOAS
8956553256560362	CIÊNCIA DA INFORMAÇÃO	UNIVERSIDADE FEDERAL DE ALAGOAS
8058407443429697	CIÊNCIA DA INFORMAÇÃO	FUNDAÇÃO UNIVERSIDADE FEDERAL DE SERGIPE
0068832514578140	CIÊNCIA DA INFORMAÇÃO	FUNDAÇÃO UNIVERSIDADE FEDERAL DE SERGIPE
5611829504195938	CIÊNCIA DA INFORMAÇÃO	FUNDAÇÃO UNIVERSIDADE FEDERAL DE SERGIPE
0106962520738975	CIÊNCIA DA INFORMAÇÃO	FUNDAÇÃO UNIVERSIDADE FEDERAL DE SERGIPE
1068196372764440	CIÊNCIA DA INFORMAÇÃO	FUNDAÇÃO UNIVERSIDADE FEDERAL DE SERGIPE
3737917347678121	CIÊNCIA DA INFORMAÇÃO	FUNDAÇÃO UNIVERSIDADE FEDERAL DE SERGIPE
6389478283904135	CIÊNCIA DA INFORMAÇÃO	FUNDAÇÃO UNIVERSIDADE FEDERAL DE SERGIPE
0300255203406433	CIÊNCIA DA INFORMAÇÃO	FUNDAÇÃO UNIVERSIDADE FEDERAL DE SERGIPE
5007416885439404	CIÊNCIA DA INFORMAÇÃO	FUNDAÇÃO UNIVERSIDADE FEDERAL DE SERGIPE
5486386468044529	CIÊNCIA DA INFORMAÇÃO	FUNDAÇÃO UNIVERSIDADE FEDERAL DE SERGIPE
8059846475323761	CIÊNCIA DA INFORMAÇÃO	FUNDAÇÃO UNIVERSIDADE FEDERAL DE SERGIPE
2288175522295750	CIÊNCIA DA INFORMAÇÃO	FUNDAÇÃO UNIVERSIDADE FEDERAL DE SERGIPE
9487332055549431	CIÊNCIA DA INFORMAÇÃO	FUNDAÇÃO UNIVERSIDADE FEDERAL DE SERGIPE
9648732999706904	CIÊNCIA DA INFORMAÇÃO	UNIVERSIDADE FEDERAL DA BAHIA
7598251938338379	CIÊNCIA DA INFORMAÇÃO	UNIVERSIDADE FEDERAL DA BAHIA
6468376220858021	CIÊNCIA DA INFORMAÇÃO	UNIVERSIDADE FEDERAL DA BAHIA
8179247092679836	CIÊNCIA DA INFORMAÇÃO	UNIVERSIDADE FEDERAL DA BAHIA
0013890432793373	CIÊNCIA DA INFORMAÇÃO	UNIVERSIDADE FEDERAL DA BAHIA
3163746449445444	CIÊNCIA DA INFORMAÇÃO	UNIVERSIDADE FEDERAL DA BAHIA
2047669969723945	CIÊNCIA DA INFORMAÇÃO	UNIVERSIDADE FEDERAL DA BAHIA
4775068257764378	CIÊNCIA DA INFORMAÇÃO	UNIVERSIDADE FEDERAL DA BAHIA
1512406261228592	CIÊNCIA DA INFORMAÇÃO	UNIVERSIDADE FEDERAL DA BAHIA
3549702267586529	CIÊNCIA DA INFORMAÇÃO	UNIVERSIDADE FEDERAL DA BAHIA
7616062383606976	CIÊNCIA DA INFORMAÇÃO	UNIVERSIDADE FEDERAL DA BAHIA
8031125006782425	CIÊNCIA DA INFORMAÇÃO	UNIVERSIDADE FEDERAL DA BAHIA
7692330654655603	CIÊNCIA DA INFORMAÇÃO	UNIVERSIDADE FEDERAL DA BAHIA
9545682339961651	CIÊNCIA DA INFORMAÇÃO	UNIVERSIDADE FEDERAL DA BAHIA
0229801641242896	CIÊNCIA DA INFORMAÇÃO	UNIVERSIDADE FEDERAL DA BAHIA
2652839078793474	CIÊNCIA DA INFORMAÇÃO	UNIVERSIDADE FEDERAL DA BAHIA
1692218547069653	CIÊNCIA DA INFORMAÇÃO	UNIVERSIDADE FEDERAL DA BAHIA
8047892088151487	CIÊNCIA DA INFORMAÇÃO	UNIVERSIDADE FEDERAL DA BAHIA
8556052856793278	CIÊNCIA DA INFORMAÇÃO	UNIVERSIDADE FEDERAL DA BAHIA
4391603096349380	CIÊNCIA DA INFORMAÇÃO	UNIVERSIDADE FEDERAL DA BAHIA
7327673330074701	CIÊNCIA DA INFORMAÇÃO	UNIVERSIDADE FEDERAL DA BAHIA
2274233937243548	CIÊNCIA DA INFORMAÇÃO	UNIVERSIDADE FEDERAL DA BAHIA
5753747789594398	CIÊNCIA DA INFORMAÇÃO	UNIVERSIDADE FEDERAL DA BAHIA
2594676200025013	CIÊNCIA DA INFORMAÇÃO	UNIVERSIDADE FEDERAL DA BAHIA
9280443047358807	CIÊNCIA DA INFORMAÇÃO	UNIVERSIDADE FEDERAL DO ESPÍRITO SANTO
4463264638076544	CIÊNCIA DA INFORMAÇÃO	UNIVERSIDADE FEDERAL DO ESPÍRITO SANTO
5623964456964265	CIÊNCIA DA INFORMAÇÃO	UNIVERSIDADE FEDERAL DO ESPÍRITO SANTO
3409664107216795	CIÊNCIA DA INFORMAÇÃO	UNIVERSIDADE FEDERAL DO ESPÍRITO SANTO
0335559966184833	CIÊNCIA DA INFORMAÇÃO	UNIVERSIDADE FEDERAL DO ESPÍRITO SANTO
7448832399554247	CIÊNCIA DA INFORMAÇÃO	UNIVERSIDADE FEDERAL DO ESPÍRITO SANTO
5035919384923489	CIÊNCIA DA INFORMAÇÃO	UNIVERSIDADE FEDERAL DO ESPÍRITO SANTO
2553964864422495	CIÊNCIA DA INFORMAÇÃO	UNIVERSIDADE FEDERAL DO ESPÍRITO SANTO
5544177179431479	CIÊNCIA DA INFORMAÇÃO	UNIVERSIDADE FEDERAL DO ESPÍRITO SANTO
8344210421589146	CIÊNCIA DA INFORMAÇÃO	UNIVERSIDADE FEDERAL DO ESPÍRITO SANTO
6346587909398922	CIÊNCIA DA INFORMAÇÃO	UNIVERSIDADE FEDERAL DO ESPÍRITO SANTO
8808213730426235	CIÊNCIA DA INFORMAÇÃO	UNIVERSIDADE FEDERAL DO ESPÍRITO SANTO
4433049915911546	CIÊNCIA DA INFORMAÇÃO - UFRJ - IBICT	UNIVERSIDADE FEDERAL DO RIO DE JANEIRO
8376134230259399	CIÊNCIA DA INFORMAÇÃO - UFRJ - IBICT	UNIVERSIDADE FEDERAL DO RIO DE JANEIRO
8920113816573321	CIÊNCIA DA INFORMAÇÃO - UFRJ - IBICT	UNIVERSIDADE FEDERAL DO RIO DE JANEIRO
6589062304969432	CIÊNCIA DA INFORMAÇÃO - UFRJ - IBICT	UNIVERSIDADE FEDERAL DO RIO DE JANEIRO
1287998611558420	CIÊNCIA DA INFORMAÇÃO - UFRJ - IBICT	UNIVERSIDADE FEDERAL DO RIO DE JANEIRO
3661612581538948	CIÊNCIA DA INFORMAÇÃO - UFRJ - IBICT	UNIVERSIDADE FEDERAL DO RIO DE JANEIRO
3087665610359216	CIÊNCIA DA INFORMAÇÃO - UFRJ - IBICT	UNIVERSIDADE FEDERAL DO RIO DE JANEIRO
9090064478702633	CIÊNCIA DA INFORMAÇÃO - UFRJ - IBICT	UNIVERSIDADE FEDERAL DO RIO DE JANEIRO
5331547205905799	CIÊNCIA DA INFORMAÇÃO - UFRJ - IBICT	UNIVERSIDADE FEDERAL DO RIO DE JANEIRO
3422623122948389	CIÊNCIA DA INFORMAÇÃO - UFRJ - IBICT	UNIVERSIDADE FEDERAL DO RIO DE JANEIRO
4482415757591851	CIÊNCIA DA INFORMAÇÃO - UFRJ - IBICT	UNIVERSIDADE FEDERAL DO RIO DE JANEIRO
3565629573688410	CIÊNCIA DA INFORMAÇÃO - UFRJ - IBICT	UNIVERSIDADE FEDERAL DO RIO DE JANEIRO
9123225715599547	CIÊNCIA DA INFORMAÇÃO - UFRJ - IBICT	UNIVERSIDADE FEDERAL DO RIO DE JANEIRO
0733908324235348	CIÊNCIA DA INFORMAÇÃO - UFRJ - IBICT	UNIVERSIDADE FEDERAL DO RIO DE JANEIRO
0513059117476894	CIÊNCIA DA INFORMAÇÃO - UFRJ - IBICT	UNIVERSIDADE FEDERAL DO RIO DE JANEIRO
4133191475294218	CIÊNCIA DA INFORMAÇÃO - UFRJ - IBICT	UNIVERSIDADE FEDERAL DO RIO DE JANEIRO
2413567691663920	CIÊNCIA DA INFORMAÇÃO - UFRJ - IBICT	UNIVERSIDADE FEDERAL DO RIO DE JANEIRO
0396928965160154	CIÊNCIA DA INFORMAÇÃO - UFRJ - IBICT	UNIVERSIDADE FEDERAL DO RIO DE JANEIRO
6143079905555041	CIÊNCIA DA INFORMAÇÃO - UFRJ - IBICT	UNIVERSIDADE FEDERAL DO RIO DE JANEIRO
8438289850732520	CIÊNCIA DA INFORMAÇÃO - UFRJ - IBICT	UNIVERSIDADE FEDERAL DO RIO DE JANEIRO
8946328562221916	CIÊNCIA DA INFORMAÇÃO - UFRJ - IBICT	UNIVERSIDADE FEDERAL DO RIO DE JANEIRO
5541636086123721	CIÊNCIA DA INFORMAÇÃO - UFRJ - IBICT	UNIVERSIDADE FEDERAL DO RIO DE JANEIRO
5458344734085444	CIÊNCIA DA INFORMAÇÃO - UFRJ - IBICT	UNIVERSIDADE FEDERAL DO RIO DE JANEIRO
5012034338598304	CIÊNCIA DA INFORMAÇÃO - UFRJ - IBICT	UNIVERSIDADE FEDERAL DO RIO DE JANEIRO
1359214991662158	CIÊNCIA DA INFORMAÇÃO - UFRJ - IBICT	UNIVERSIDADE FEDERAL DO RIO DE JANEIRO
1722582102636346	CIÊNCIA DA INFORMAÇÃO - UFRJ - IBICT	UNIVERSIDADE FEDERAL DO RIO DE JANEIRO
6352285207676599	CIÊNCIA DA INFORMAÇÃO - UFRJ - IBICT	UNIVERSIDADE FEDERAL DO RIO DE JANEIRO
9613980184982976	CIÊNCIA DA INFORMAÇÃO - UFRJ - IBICT	UNIVERSIDADE FEDERAL DO RIO DE JANEIRO
8757803805826489	CIÊNCIA DA INFORMAÇÃO - UFRJ - IBICT	UNIVERSIDADE FEDERAL DO RIO DE JANEIRO
4727891485011869	CIÊNCIA DA INFORMAÇÃO - UFRJ - IBICT	UNIVERSIDADE FEDERAL DO RIO DE JANEIRO
5424368847166565	CIÊNCIA DA INFORMAÇÃO - UFRJ - IBICT	UNIVERSIDADE FEDERAL DO RIO DE JANEIRO
0416440515458304	CIÊNCIA DA INFORMAÇÃO - UFRJ - IBICT	UNIVERSIDADE FEDERAL DO RIO DE JANEIRO
8940558845344490	CIÊNCIA DA INFORMAÇÃO	UNIVERSIDADE FEDERAL FLUMINENSE
1646741868261976	CIÊNCIA DA INFORMAÇÃO	UNIVERSIDADE FEDERAL FLUMINENSE
9640543272532398	CIÊNCIA DA INFORMAÇÃO	UNIVERSIDADE FEDERAL FLUMINENSE
3087665610359216	CIÊNCIA DA INFORMAÇÃO	UNIVERSIDADE FEDERAL FLUMINENSE
2048406155037221	CIÊNCIA DA INFORMAÇÃO	UNIVERSIDADE FEDERAL FLUMINENSE
1168388763137714	CIÊNCIA DA INFORMAÇÃO	UNIVERSIDADE FEDERAL FLUMINENSE
9398149996443387	CIÊNCIA DA INFORMAÇÃO	UNIVERSIDADE FEDERAL FLUMINENSE
3215827675996848	CIÊNCIA DA INFORMAÇÃO	UNIVERSIDADE FEDERAL FLUMINENSE
9545682339961651	CIÊNCIA DA INFORMAÇÃO	UNIVERSIDADE FEDERAL FLUMINENSE
9975130082216971	CIÊNCIA DA INFORMAÇÃO	UNIVERSIDADE FEDERAL FLUMINENSE
8121967168913864	CIÊNCIA DA INFORMAÇÃO	UNIVERSIDADE FEDERAL FLUMINENSE
1435722441644016	CIÊNCIA DA INFORMAÇÃO	UNIVERSIDADE FEDERAL FLUMINENSE
6380929054652063	CIÊNCIA DA INFORMAÇÃO	UNIVERSIDADE FEDERAL FLUMINENSE
5668344562019395	CIÊNCIA DA INFORMAÇÃO	UNIVERSIDADE FEDERAL FLUMINENSE
6919374280380925	CIÊNCIA DA INFORMAÇÃO	UNIVERSIDADE FEDERAL FLUMINENSE
2821128318835622	CIÊNCIA DA INFORMAÇÃO	UNIVERSIDADE FEDERAL FLUMINENSE
7555772160147584	CIÊNCIA DA INFORMAÇÃO	UNIVERSIDADE FEDERAL FLUMINENSE
0671166307420162	CIÊNCIA DA INFORMAÇÃO	UNIVERSIDADE FEDERAL FLUMINENSE
2479344350959442	CIÊNCIA DA INFORMAÇÃO	UNIVERSIDADE FEDERAL FLUMINENSE
8849217666537840	CIÊNCIA DA INFORMAÇÃO	UNIVERSIDADE FEDERAL FLUMINENSE
3415354158735871	CIÊNCIA DA INFORMAÇÃO	UNIVERSIDADE FEDERAL FLUMINENSE
0397190104268888	CIÊNCIA DA INFORMAÇÃO	UNIVERSIDADE FEDERAL FLUMINENSE
4694576349618479	CIÊNCIA DA INFORMAÇÃO	UNIVERSIDADE FEDERAL FLUMINENSE
6126712875843734	CIÊNCIA DA INFORMAÇÃO	UNIVERSIDADE FEDERAL FLUMINENSE
5753423196315923	CIÊNCIA DA INFORMAÇÃO	UNIVERSIDADE FEDERAL FLUMINENSE
6143079905555041	BIBLIOTECONOMIA	UNIVERSIDADE FEDERAL DO ESTADO DO RIO DE JANEIRO
3728452144265973	BIBLIOTECONOMIA	UNIVERSIDADE FEDERAL DO ESTADO DO RIO DE JANEIRO
6155301215674644	GESTÃO DE DOCUMENTOS E ARQUIVOS	UNIVERSIDADE FEDERAL DO ESTADO DO RIO DE JANEIRO
3330664202102987	GESTÃO DE DOCUMENTOS E ARQUIVOS	UNIVERSIDADE FEDERAL DO ESTADO DO RIO DE JANEIRO
1933365741854449	BIBLIOTECONOMIA	UNIVERSIDADE FEDERAL DO ESTADO DO RIO DE JANEIRO
3208337271858261	GESTÃO DE DOCUMENTOS E ARQUIVOS	UNIVERSIDADE FEDERAL DO ESTADO DO RIO DE JANEIRO
2704338617799479	BIBLIOTECONOMIA	UNIVERSIDADE FEDERAL DO ESTADO DO RIO DE JANEIRO
7697379577056048	GESTÃO DE DOCUMENTOS E ARQUIVOS	UNIVERSIDADE FEDERAL DO ESTADO DO RIO DE JANEIRO
3542831487060438	GESTÃO DE DOCUMENTOS E ARQUIVOS	UNIVERSIDADE FEDERAL DO ESTADO DO RIO DE JANEIRO
8774777542544081	GESTÃO DE DOCUMENTOS E ARQUIVOS	UNIVERSIDADE FEDERAL DO ESTADO DO RIO DE JANEIRO
3806798888576249	GESTÃO DE DOCUMENTOS E ARQUIVOS	UNIVERSIDADE FEDERAL DO ESTADO DO RIO DE JANEIRO
9141623583081021	GESTÃO DE DOCUMENTOS E ARQUIVOS	UNIVERSIDADE FEDERAL DO ESTADO DO RIO DE JANEIRO
7651879454100300	GESTÃO DE DOCUMENTOS E ARQUIVOS	UNIVERSIDADE FEDERAL DO ESTADO DO RIO DE JANEIRO
9490009776453579	BIBLIOTECONOMIA	UNIVERSIDADE FEDERAL DO ESTADO DO RIO DE JANEIRO
8121967168913864	BIBLIOTECONOMIA	UNIVERSIDADE FEDERAL DO ESTADO DO RIO DE JANEIRO
6000538568017243	GESTÃO DE DOCUMENTOS E ARQUIVOS	UNIVERSIDADE FEDERAL DO ESTADO DO RIO DE JANEIRO
0882043234210681	GESTÃO DE DOCUMENTOS E ARQUIVOS	UNIVERSIDADE FEDERAL DO ESTADO DO RIO DE JANEIRO
7747657036741150	GESTÃO DE DOCUMENTOS E ARQUIVOS	UNIVERSIDADE FEDERAL DO ESTADO DO RIO DE JANEIRO
1459853686434404	BIBLIOTECONOMIA	UNIVERSIDADE FEDERAL DO ESTADO DO RIO DE JANEIRO
4037983278239520	GESTÃO DE DOCUMENTOS E ARQUIVOS	UNIVERSIDADE FEDERAL DO ESTADO DO RIO DE JANEIRO
5819423523394268	BIBLIOTECONOMIA	UNIVERSIDADE FEDERAL DO ESTADO DO RIO DE JANEIRO
0008148218524573	BIBLIOTECONOMIA	UNIVERSIDADE FEDERAL DO ESTADO DO RIO DE JANEIRO
7208056454262937	BIBLIOTECONOMIA	UNIVERSIDADE FEDERAL DO ESTADO DO RIO DE JANEIRO
5425242283874576	BIBLIOTECONOMIA	UNIVERSIDADE FEDERAL DO ESTADO DO RIO DE JANEIRO
5889970113074660	GESTÃO DE DOCUMENTOS E ARQUIVOS	UNIVERSIDADE FEDERAL DO ESTADO DO RIO DE JANEIRO
9090064478702633	BIBLIOTECONOMIA	UNIVERSIDADE FEDERAL DO ESTADO DO RIO DE JANEIRO
9686940788640111	BIBLIOTECONOMIA	UNIVERSIDADE FEDERAL DO ESTADO DO RIO DE JANEIRO
1646741868261976	BIBLIOTECONOMIA	UNIVERSIDADE FEDERAL DO ESTADO DO RIO DE JANEIRO
2233874942329402	BIBLIOTECONOMIA	UNIVERSIDADE FEDERAL DO ESTADO DO RIO DE JANEIRO
3661612581538948	BIBLIOTECONOMIA	UNIVERSIDADE FEDERAL DO ESTADO DO RIO DE JANEIRO
8454243785833187	BIBLIOTECONOMIA	UNIVERSIDADE FEDERAL DO ESTADO DO RIO DE JANEIRO
0090255315552284	GESTÃO DE DOCUMENTOS E ARQUIVOS	UNIVERSIDADE FEDERAL DO ESTADO DO RIO DE JANEIRO
0361195937660903	BIBLIOTECONOMIA	UNIVERSIDADE FEDERAL DO ESTADO DO RIO DE JANEIRO
9721655113808174	BIBLIOTECONOMIA	UNIVERSIDADE FEDERAL DO ESTADO DO RIO DE JANEIRO
8923817358777809	GESTÃO DE DOCUMENTOS E ARQUIVOS	UNIVERSIDADE FEDERAL DO ESTADO DO RIO DE JANEIRO
6909041872447917	GESTÃO DE DOCUMENTOS E ARQUIVOS	UNIVERSIDADE FEDERAL DO ESTADO DO RIO DE JANEIRO
8713013619609185	BIBLIOTECONOMIA	UNIVERSIDADE FEDERAL DO ESTADO DO RIO DE JANEIRO
5264867259795382	BIBLIOTECONOMIA	UNIVERSIDADE FEDERAL DO ESTADO DO RIO DE JANEIRO
6986762652734445	BIBLIOTECONOMIA	UNIVERSIDADE FEDERAL DO ESTADO DO RIO DE JANEIRO
1638018999454609	GESTÃO DE DOCUMENTOS E ARQUIVOS	UNIVERSIDADE FEDERAL DO ESTADO DO RIO DE JANEIRO
8294828055636714	GESTÃO DE DOCUMENTOS E ARQUIVOS	UNIVERSIDADE FEDERAL DO ESTADO DO RIO DE JANEIRO
1675500756212795	BIBLIOTECONOMIA	UNIVERSIDADE FEDERAL DO ESTADO DO RIO DE JANEIRO
2530231528011883	BIBLIOTECONOMIA	UNIVERSIDADE FEDERAL DO ESTADO DO RIO DE JANEIRO
3422623122948389	BIBLIOTECONOMIA	UNIVERSIDADE FEDERAL DO ESTADO DO RIO DE JANEIRO
0063501372958634	BIBLIOTECONOMIA	UNIVERSIDADE FEDERAL DO ESTADO DO RIO DE JANEIRO
5536314656072805	BIBLIOTECONOMIA	UNIVERSIDADE FEDERAL DO ESTADO DO RIO DE JANEIRO
9652223272629629	BIBLIOTECONOMIA	UNIVERSIDADE FEDERAL DO ESTADO DO RIO DE JANEIRO
7647422166759358	BIBLIOTECONOMIA	UNIVERSIDADE FEDERAL DO ESTADO DO RIO DE JANEIRO
2343843346662688	BIBLIOTECONOMIA	UNIVERSIDADE FEDERAL DO ESTADO DO RIO DE JANEIRO
5206195266468729	BIBLIOTECONOMIA	UNIVERSIDADE FEDERAL DO ESTADO DO RIO DE JANEIRO
0817031652271267	BIBLIOTECONOMIA	UNIVERSIDADE FEDERAL DO ESTADO DO RIO DE JANEIRO
9317111026989061	CIÊNCIAS DA INFORMAÇÃO	UNIVERSIDADE FEDERAL DE MINAS GERAIS
3328212638040851	GESTÃO & ORGANIZAÇÃO DO CONHECIMENTO	UNIVERSIDADE FEDERAL DE MINAS GERAIS
5032971867774318	CIÊNCIAS DA INFORMAÇÃO	UNIVERSIDADE FEDERAL DE MINAS GERAIS
7235126549411503	CIÊNCIAS DA INFORMAÇÃO	UNIVERSIDADE FEDERAL DE MINAS GERAIS
2375895048109427	CIÊNCIAS DA INFORMAÇÃO	UNIVERSIDADE FEDERAL DE MINAS GERAIS
5485409441731702	CIÊNCIAS DA INFORMAÇÃO	UNIVERSIDADE FEDERAL DE MINAS GERAIS
8156406349115643	CIÊNCIAS DA INFORMAÇÃO	UNIVERSIDADE FEDERAL DE MINAS GERAIS
5217795669575718	GESTÃO & ORGANIZAÇÃO DO CONHECIMENTO	UNIVERSIDADE FEDERAL DE MINAS GERAIS
5778077913636212	CIÊNCIAS DA INFORMAÇÃO	UNIVERSIDADE FEDERAL DE MINAS GERAIS
9006683778296973	GESTÃO & ORGANIZAÇÃO DO CONHECIMENTO	UNIVERSIDADE FEDERAL DE MINAS GERAIS
2434972394883934	CIÊNCIAS DA INFORMAÇÃO	UNIVERSIDADE FEDERAL DE MINAS GERAIS
5412492257148196	CIÊNCIAS DA INFORMAÇÃO	UNIVERSIDADE FEDERAL DE MINAS GERAIS
9453097597745835	CIÊNCIAS DA INFORMAÇÃO	UNIVERSIDADE FEDERAL DE MINAS GERAIS
2249630112084998	GESTÃO & ORGANIZAÇÃO DO CONHECIMENTO	UNIVERSIDADE FEDERAL DE MINAS GERAIS
7530542569873879	GESTÃO & ORGANIZAÇÃO DO CONHECIMENTO	UNIVERSIDADE FEDERAL DE MINAS GERAIS
8243001226255815	GESTÃO & ORGANIZAÇÃO DO CONHECIMENTO	UNIVERSIDADE FEDERAL DE MINAS GERAIS
8176475254927157	CIÊNCIAS DA INFORMAÇÃO	UNIVERSIDADE FEDERAL DE MINAS GERAIS
8966520652185410	CIÊNCIAS DA INFORMAÇÃO	UNIVERSIDADE FEDERAL DE MINAS GERAIS
6442935126020226	CIÊNCIAS DA INFORMAÇÃO	UNIVERSIDADE FEDERAL DE MINAS GERAIS
4162674522016220	CIÊNCIAS DA INFORMAÇÃO	UNIVERSIDADE FEDERAL DE MINAS GERAIS
0616315000241137	CIÊNCIAS DA INFORMAÇÃO	UNIVERSIDADE FEDERAL DE MINAS GERAIS
4009452150201421	CIÊNCIAS DA INFORMAÇÃO	UNIVERSIDADE FEDERAL DE MINAS GERAIS
4390865555343440	CIÊNCIAS DA INFORMAÇÃO	UNIVERSIDADE FEDERAL DE MINAS GERAIS
2186094231736251	CIÊNCIAS DA INFORMAÇÃO	UNIVERSIDADE FEDERAL DE MINAS GERAIS
5009062603063345	GESTÃO & ORGANIZAÇÃO DO CONHECIMENTO	UNIVERSIDADE FEDERAL DE MINAS GERAIS
5218069708058487	GESTÃO & ORGANIZAÇÃO DO CONHECIMENTO	UNIVERSIDADE FEDERAL DE MINAS GERAIS
3183050056105009	GESTÃO & ORGANIZAÇÃO DO CONHECIMENTO	UNIVERSIDADE FEDERAL DE MINAS GERAIS
5336218259257800	GESTÃO & ORGANIZAÇÃO DO CONHECIMENTO	UNIVERSIDADE FEDERAL DE MINAS GERAIS
6363095991840726	CIÊNCIAS DA INFORMAÇÃO	UNIVERSIDADE FEDERAL DE MINAS GERAIS
6523065261260011	GESTÃO & ORGANIZAÇÃO DO CONHECIMENTO	UNIVERSIDADE FEDERAL DE MINAS GERAIS
9553707435669429	GESTÃO & ORGANIZAÇÃO DO CONHECIMENTO	UNIVERSIDADE FEDERAL DE MINAS GERAIS
9782284339269646	CIÊNCIAS DA INFORMAÇÃO	UNIVERSIDADE FEDERAL DE MINAS GERAIS
0933539682074676	GESTÃO & ORGANIZAÇÃO DO CONHECIMENTO	UNIVERSIDADE FEDERAL DE MINAS GERAIS
5084323621859190	GESTÃO & ORGANIZAÇÃO DO CONHECIMENTO	UNIVERSIDADE FEDERAL DE MINAS GERAIS
8840124188505402	CIÊNCIAS DA INFORMAÇÃO	UNIVERSIDADE FEDERAL DE MINAS GERAIS
9503365193492380	GESTÃO & ORGANIZAÇÃO DO CONHECIMENTO	UNIVERSIDADE FEDERAL DE MINAS GERAIS
1864473087690223	GESTÃO & ORGANIZAÇÃO DO CONHECIMENTO	UNIVERSIDADE FEDERAL DE MINAS GERAIS
6126712875843734	GESTÃO & ORGANIZAÇÃO DO CONHECIMENTO	UNIVERSIDADE FEDERAL DE MINAS GERAIS
8222736336322955	GESTÃO & ORGANIZAÇÃO DO CONHECIMENTO	UNIVERSIDADE FEDERAL DE MINAS GERAIS
1807279435788513	GESTÃO & ORGANIZAÇÃO DO CONHECIMENTO	UNIVERSIDADE FEDERAL DE MINAS GERAIS
4218954956709188	GESTÃO & ORGANIZAÇÃO DO CONHECIMENTO	UNIVERSIDADE FEDERAL DE MINAS GERAIS
6224307970906388	GESTÃO & ORGANIZAÇÃO DO CONHECIMENTO	UNIVERSIDADE FEDERAL DE MINAS GERAIS
4726949697973381	GESTÃO & ORGANIZAÇÃO DO CONHECIMENTO	UNIVERSIDADE FEDERAL DE MINAS GERAIS
4271090306897767	GESTÃO & ORGANIZAÇÃO DO CONHECIMENTO	UNIVERSIDADE FEDERAL DE MINAS GERAIS
3275908765222466	CIÊNCIAS DA INFORMAÇÃO	UNIVERSIDADE FEDERAL DE MINAS GERAIS
8531105272766089	GESTÃO & ORGANIZAÇÃO DO CONHECIMENTO	UNIVERSIDADE FEDERAL DE MINAS GERAIS
3179079966117749	CIÊNCIAS DA INFORMAÇÃO	UNIVERSIDADE FEDERAL DE MINAS GERAIS
0146077522102988	GESTÃO & ORGANIZAÇÃO DO CONHECIMENTO	UNIVERSIDADE FEDERAL DE MINAS GERAIS
5140588181933697	CIÊNCIAS DA INFORMAÇÃO	UNIVERSIDADE FEDERAL DE MINAS GERAIS
2803696275869287	GESTÃO & ORGANIZAÇÃO DO CONHECIMENTO	UNIVERSIDADE FEDERAL DE MINAS GERAIS
8300496710272234	SISTEMAS DE INFORMAÇÃO E GESTÃO DO CONHECIMENTO	UNIVERSIDADE FUMEC
4447716184916277	SISTEMAS DE INFORMAÇÃO E GESTÃO DO CONHECIMENTO	UNIVERSIDADE FUMEC
3500824322517512	SISTEMAS DE INFORMAÇÃO E GESTÃO DO CONHECIMENTO	UNIVERSIDADE FUMEC
7442068334410248	SISTEMAS DE INFORMAÇÃO E GESTÃO DO CONHECIMENTO	UNIVERSIDADE FUMEC
3615797323442040	SISTEMAS DE INFORMAÇÃO E GESTÃO DO CONHECIMENTO	UNIVERSIDADE FUMEC
5642811185402139	SISTEMAS DE INFORMAÇÃO E GESTÃO DO CONHECIMENTO	UNIVERSIDADE FUMEC
2895266490164675	SISTEMAS DE INFORMAÇÃO E GESTÃO DO CONHECIMENTO	UNIVERSIDADE FUMEC
4348087237433332	SISTEMAS DE INFORMAÇÃO E GESTÃO DO CONHECIMENTO	UNIVERSIDADE FUMEC
9578124356618067	SISTEMAS DE INFORMAÇÃO E GESTÃO DO CONHECIMENTO	UNIVERSIDADE FUMEC
8430093047455073	SISTEMAS DE INFORMAÇÃO E GESTÃO DO CONHECIMENTO	UNIVERSIDADE FUMEC
6502942873335887	SISTEMAS DE INFORMAÇÃO E GESTÃO DO CONHECIMENTO	UNIVERSIDADE FUMEC
2119057158182202	SISTEMAS DE INFORMAÇÃO E GESTÃO DO CONHECIMENTO	UNIVERSIDADE FUMEC
2059721547043120	SISTEMAS DE INFORMAÇÃO E GESTÃO DO CONHECIMENTO	UNIVERSIDADE FUMEC
7121724013827539	SISTEMAS DE INFORMAÇÃO E GESTÃO DO CONHECIMENTO	UNIVERSIDADE FUMEC
3564597309576489	SISTEMAS DE INFORMAÇÃO E GESTÃO DO CONHECIMENTO	UNIVERSIDADE FUMEC
7124931056289027	CIÊNCIA DA INFORMAÇÃO	UNIVERSIDADE FEDERAL DE SÃO CARLOS
0372192175262438	CIÊNCIA DA INFORMAÇÃO	UNIVERSIDADE FEDERAL DE SÃO CARLOS
1584935790390793	CIÊNCIA DA INFORMAÇÃO	UNIVERSIDADE FEDERAL DE SÃO CARLOS
4898201916360294	CIÊNCIA DA INFORMAÇÃO	UNIVERSIDADE FEDERAL DE SÃO CARLOS
7327673330074701	CIÊNCIA DA INFORMAÇÃO	UNIVERSIDADE FEDERAL DE SÃO CARLOS
4754764003480925	CIÊNCIA DA INFORMAÇÃO	UNIVERSIDADE FEDERAL DE SÃO CARLOS
6958372164719600	CIÊNCIA DA INFORMAÇÃO	UNIVERSIDADE FEDERAL DE SÃO CARLOS
7609135667093837	CIÊNCIA DA INFORMAÇÃO	UNIVERSIDADE FEDERAL DE SÃO CARLOS
1170937498266968	CIÊNCIA DA INFORMAÇÃO	UNIVERSIDADE FEDERAL DE SÃO CARLOS
5324289839207169	CIÊNCIA DA INFORMAÇÃO	UNIVERSIDADE FEDERAL DE SÃO CARLOS
1291482506649810	CIÊNCIA DA INFORMAÇÃO	UNIVERSIDADE FEDERAL DE SÃO CARLOS
9896600626524397	CIÊNCIA DA INFORMAÇÃO	UNIVERSIDADE FEDERAL DE SÃO CARLOS
5381461208053330	CIÊNCIA DA INFORMAÇÃO	UNIVERSIDADE FEDERAL DE SÃO CARLOS
0767710394930118	CIÊNCIA DA INFORMAÇÃO	UNIVERSIDADE FEDERAL DE SÃO CARLOS
4226275371443693	CIÊNCIA DA INFORMAÇÃO	UNIVERSIDADE FEDERAL DE SÃO CARLOS
9163421021115381	CIÊNCIA DA INFORMAÇÃO	UNIVERSIDADE FEDERAL DE SÃO CARLOS
5602653417743793	CIÊNCIA DA INFORMAÇÃO	UNIVERSIDADE FEDERAL DE SÃO CARLOS
7369575632657650	CIÊNCIA DA INFORMAÇÃO	UNIVERSIDADE DE SÃO PAULO
4531433505351729	GESTÃO DA INFORMAÇÃO	UNIVERSIDADE DE SÃO PAULO
3633524595837184	CIÊNCIA DA INFORMAÇÃO	UNIVERSIDADE DE SÃO PAULO
2986616715435331	CIÊNCIA DA INFORMAÇÃO	UNIVERSIDADE DE SÃO PAULO
1070631453914536	CIÊNCIA DA INFORMAÇÃO	UNIVERSIDADE DE SÃO PAULO
0806369390396060	GESTÃO DA INFORMAÇÃO	UNIVERSIDADE DE SÃO PAULO
5722744510274635	CIÊNCIA DA INFORMAÇÃO	UNIVERSIDADE DE SÃO PAULO
8933485589661265	CIÊNCIA DA INFORMAÇÃO	UNIVERSIDADE DE SÃO PAULO
8176475254927157	CIÊNCIA DA INFORMAÇÃO	UNIVERSIDADE DE SÃO PAULO
6156509933307243	CIÊNCIA DA INFORMAÇÃO	UNIVERSIDADE DE SÃO PAULO
9499155021568732	CIÊNCIA DA INFORMAÇÃO	UNIVERSIDADE DE SÃO PAULO
4693623482040856	CIÊNCIA DA INFORMAÇÃO	UNIVERSIDADE DE SÃO PAULO
9499155021568732	GESTÃO DA INFORMAÇÃO	UNIVERSIDADE DE SÃO PAULO
2141243303464173	GESTÃO DA INFORMAÇÃO	UNIVERSIDADE DE SÃO PAULO
6449348266899431	CIÊNCIA DA INFORMAÇÃO	UNIVERSIDADE DE SÃO PAULO
4531433505351729	CIÊNCIA DA INFORMAÇÃO	UNIVERSIDADE DE SÃO PAULO
2141243303464173	CIÊNCIA DA INFORMAÇÃO	UNIVERSIDADE DE SÃO PAULO
8007715109193414	CIÊNCIA DA INFORMAÇÃO	UNIVERSIDADE DE SÃO PAULO
1070631453914536	GESTÃO DA INFORMAÇÃO	UNIVERSIDADE DE SÃO PAULO
8007715109193414	GESTÃO DA INFORMAÇÃO	UNIVERSIDADE DE SÃO PAULO
1950508075947990	CIÊNCIA DA INFORMAÇÃO	UNIVERSIDADE DE SÃO PAULO
7888755937461651	CIÊNCIA DA INFORMAÇÃO	UNIVERSIDADE DE SÃO PAULO
7224504768054079	CIÊNCIA DA INFORMAÇÃO	UNIVERSIDADE DE SÃO PAULO
2052055753251299	GESTÃO DA INFORMAÇÃO	UNIVERSIDADE DE SÃO PAULO
7224504768054079	GESTÃO DA INFORMAÇÃO	UNIVERSIDADE DE SÃO PAULO
3159202958465443	CIÊNCIA DA INFORMAÇÃO	UNIVERSIDADE DE SÃO PAULO
6156509933307243	GESTÃO DA INFORMAÇÃO	UNIVERSIDADE DE SÃO PAULO
2052055753251299	CIÊNCIA DA INFORMAÇÃO	UNIVERSIDADE DE SÃO PAULO
5960356143788410	CIÊNCIA DA INFORMAÇÃO	UNIVERSIDADE DE SÃO PAULO
4693623482040856	GESTÃO DA INFORMAÇÃO	UNIVERSIDADE DE SÃO PAULO
5170688300970006	CIÊNCIA DA INFORMAÇÃO	UNIVERSIDADE ESTADUAL PAULISTA JÚLIO DE MESQUITA FILHO ( MARÍLIA )
1484808558396980	CIÊNCIA DA INFORMAÇÃO	UNIVERSIDADE ESTADUAL PAULISTA JÚLIO DE MESQUITA FILHO ( MARÍLIA )
1049186978910803	CIÊNCIA DA INFORMAÇÃO	UNIVERSIDADE ESTADUAL PAULISTA JÚLIO DE MESQUITA FILHO ( MARÍLIA )
6106443387062363	CIÊNCIA DA INFORMAÇÃO	UNIVERSIDADE ESTADUAL PAULISTA JÚLIO DE MESQUITA FILHO ( MARÍLIA )
6124696166344150	CIÊNCIA DA INFORMAÇÃO	UNIVERSIDADE ESTADUAL PAULISTA JÚLIO DE MESQUITA FILHO ( MARÍLIA )
1744684558489377	CIÊNCIA DA INFORMAÇÃO	UNIVERSIDADE ESTADUAL PAULISTA JÚLIO DE MESQUITA FILHO ( MARÍLIA )
5819951651545585	CIÊNCIA DA INFORMAÇÃO	UNIVERSIDADE ESTADUAL PAULISTA JÚLIO DE MESQUITA FILHO ( MARÍLIA )
5562746387565465	CIÊNCIA DA INFORMAÇÃO	UNIVERSIDADE ESTADUAL PAULISTA JÚLIO DE MESQUITA FILHO ( MARÍLIA )
9889031497844442	CIÊNCIA DA INFORMAÇÃO	UNIVERSIDADE ESTADUAL PAULISTA JÚLIO DE MESQUITA FILHO ( MARÍLIA )
3901317157203491	CIÊNCIA DA INFORMAÇÃO	UNIVERSIDADE ESTADUAL PAULISTA JÚLIO DE MESQUITA FILHO ( MARÍLIA )
0592809928580900	CIÊNCIA DA INFORMAÇÃO	UNIVERSIDADE ESTADUAL PAULISTA JÚLIO DE MESQUITA FILHO ( MARÍLIA )
1022660730972320	CIÊNCIA DA INFORMAÇÃO	UNIVERSIDADE ESTADUAL PAULISTA JÚLIO DE MESQUITA FILHO ( MARÍLIA )
6780125312954825	CIÊNCIA DA INFORMAÇÃO	UNIVERSIDADE ESTADUAL PAULISTA JÚLIO DE MESQUITA FILHO ( MARÍLIA )
7400213779389091	CIÊNCIA DA INFORMAÇÃO	UNIVERSIDADE ESTADUAL PAULISTA JÚLIO DE MESQUITA FILHO ( MARÍLIA )
5073860126319285	CIÊNCIA DA INFORMAÇÃO	UNIVERSIDADE ESTADUAL PAULISTA JÚLIO DE MESQUITA FILHO ( MARÍLIA )
8938252042140828	CIÊNCIA DA INFORMAÇÃO	UNIVERSIDADE ESTADUAL PAULISTA JÚLIO DE MESQUITA FILHO ( MARÍLIA )
0812422122265124	CIÊNCIA DA INFORMAÇÃO	UNIVERSIDADE ESTADUAL PAULISTA JÚLIO DE MESQUITA FILHO ( MARÍLIA )
0475077117392892	CIÊNCIA DA INFORMAÇÃO	UNIVERSIDADE ESTADUAL PAULISTA JÚLIO DE MESQUITA FILHO ( MARÍLIA )
4652647090897148	CIÊNCIA DA INFORMAÇÃO	UNIVERSIDADE ESTADUAL PAULISTA JÚLIO DE MESQUITA FILHO ( MARÍLIA )
6732213490679586	CIÊNCIA DA INFORMAÇÃO	UNIVERSIDADE ESTADUAL PAULISTA JÚLIO DE MESQUITA FILHO ( MARÍLIA )
6027755717265622	CIÊNCIA DA INFORMAÇÃO	UNIVERSIDADE ESTADUAL PAULISTA JÚLIO DE MESQUITA FILHO ( MARÍLIA )
6452895202161120	CIÊNCIA DA INFORMAÇÃO	UNIVERSIDADE ESTADUAL PAULISTA JÚLIO DE MESQUITA FILHO ( MARÍLIA )
5658134053257855	CIÊNCIA DA INFORMAÇÃO	UNIVERSIDADE ESTADUAL PAULISTA JÚLIO DE MESQUITA FILHO ( MARÍLIA )
7390573927636069	CIÊNCIA DA INFORMAÇÃO	UNIVERSIDADE ESTADUAL PAULISTA JÚLIO DE MESQUITA FILHO ( MARÍLIA )
0772836405405573	CIÊNCIA DA INFORMAÇÃO	UNIVERSIDADE ESTADUAL PAULISTA JÚLIO DE MESQUITA FILHO ( MARÍLIA )
1139786651111231	CIÊNCIA DA INFORMAÇÃO	UNIVERSIDADE ESTADUAL PAULISTA JÚLIO DE MESQUITA FILHO ( MARÍLIA )
6530346906709462	CIÊNCIA DA INFORMAÇÃO	UNIVERSIDADE ESTADUAL PAULISTA JÚLIO DE MESQUITA FILHO ( MARÍLIA )
1445931826215377	CIÊNCIA DA INFORMAÇÃO	UNIVERSIDADE ESTADUAL PAULISTA JÚLIO DE MESQUITA FILHO ( MARÍLIA )
5109503945869909	CIÊNCIA DA INFORMAÇÃO	UNIVERSIDADE ESTADUAL PAULISTA JÚLIO DE MESQUITA FILHO ( MARÍLIA )
8596568228676820	CIÊNCIA DA INFORMAÇÃO	UNIVERSIDADE ESTADUAL PAULISTA JÚLIO DE MESQUITA FILHO ( MARÍLIA )
3954065076810604	CIÊNCIA DA INFORMAÇÃO	UNIVERSIDADE ESTADUAL PAULISTA JÚLIO DE MESQUITA FILHO ( MARÍLIA )
4696188844031387	CIÊNCIA DA INFORMAÇÃO	UNIVERSIDADE ESTADUAL PAULISTA JÚLIO DE MESQUITA FILHO ( MARÍLIA )
6380929054652063	CIÊNCIA DA INFORMAÇÃO	UNIVERSIDADE ESTADUAL PAULISTA JÚLIO DE MESQUITA FILHO ( MARÍLIA )
5460972179410597	CIÊNCIA DA INFORMAÇÃO	UNIVERSIDADE ESTADUAL PAULISTA JÚLIO DE MESQUITA FILHO ( MARÍLIA )
1951458905440926	MEMÓRIA E ACERVOS	FUNDACAO CASA DE RUI BARBOSA
1180749525319069	MEMÓRIA E ACERVOS	FUNDACAO CASA DE RUI BARBOSA
1640690518235989	MEMÓRIA E ACERVOS	FUNDACAO CASA DE RUI BARBOSA
7913911848859139	MEMÓRIA E ACERVOS	FUNDACAO CASA DE RUI BARBOSA
1349639993580935	MEMÓRIA E ACERVOS	FUNDACAO CASA DE RUI BARBOSA
3449174755012567	MEMÓRIA E ACERVOS	FUNDACAO CASA DE RUI BARBOSA
3422623122948389	MEMÓRIA E ACERVOS	FUNDACAO CASA DE RUI BARBOSA
4694576349618479	MEMÓRIA E ACERVOS	FUNDACAO CASA DE RUI BARBOSA
3015216414074763	MEMÓRIA E ACERVOS	FUNDACAO CASA DE RUI BARBOSA
8703487923189573	MEMÓRIA E ACERVOS	FUNDACAO CASA DE RUI BARBOSA
1408236113866904	MEMÓRIA E ACERVOS	FUNDACAO CASA DE RUI BARBOSA
8379579771424108	MEMÓRIA E ACERVOS	FUNDACAO CASA DE RUI BARBOSA
8621006353013998	MEMÓRIA E ACERVOS	FUNDACAO CASA DE RUI BARBOSA
8896101082853685	MEMÓRIA E ACERVOS	FUNDACAO CASA DE RUI BARBOSA
9830530815240859	MEMÓRIA E ACERVOS	FUNDACAO CASA DE RUI BARBOSA
0259346164802727	MEMÓRIA E ACERVOS	FUNDACAO CASA DE RUI BARBOSA
9303836829970241	CIÊNCIA DA INFORMAÇÃO	UNIVERSIDADE ESTADUAL DE LONDRINA
5248079505422092	CIÊNCIA DA INFORMAÇÃO	UNIVERSIDADE ESTADUAL DE LONDRINA
5491080011415256	CIÊNCIA DA INFORMAÇÃO	UNIVERSIDADE ESTADUAL DE LONDRINA
4752632781155101	CIÊNCIA DA INFORMAÇÃO	UNIVERSIDADE ESTADUAL DE LONDRINA
2141243303464173	CIÊNCIA DA INFORMAÇÃO	UNIVERSIDADE ESTADUAL DE LONDRINA
3588218110877458	CIÊNCIA DA INFORMAÇÃO	UNIVERSIDADE ESTADUAL DE LONDRINA
9104492904998473	CIÊNCIA DA INFORMAÇÃO	UNIVERSIDADE ESTADUAL DE LONDRINA
9155213132741877	CIÊNCIA DA INFORMAÇÃO	UNIVERSIDADE ESTADUAL DE LONDRINA
4749820780558382	CIÊNCIA DA INFORMAÇÃO	UNIVERSIDADE ESTADUAL DE LONDRINA
9391057804931698	CIÊNCIA DA INFORMAÇÃO	UNIVERSIDADE ESTADUAL DE LONDRINA
9293403585384915	CIÊNCIA DA INFORMAÇÃO	UNIVERSIDADE ESTADUAL DE LONDRINA
7236712895240356	CIÊNCIA DA INFORMAÇÃO	UNIVERSIDADE ESTADUAL DE LONDRINA
5602653417743793	CIÊNCIA DA INFORMAÇÃO	UNIVERSIDADE ESTADUAL DE LONDRINA
9296179246118904	CIÊNCIA DA INFORMAÇÃO	UNIVERSIDADE ESTADUAL DE LONDRINA
6305738943036308	CIÊNCIA DA INFORMAÇÃO	UNIVERSIDADE ESTADUAL DE LONDRINA
8546252377315420	CIÊNCIA DA INFORMAÇÃO	UNIVERSIDADE ESTADUAL DE LONDRINA
2601219157653725	CIÊNCIA DA INFORMAÇÃO	UNIVERSIDADE ESTADUAL DE LONDRINA
6543436156553138	CIÊNCIA DA INFORMAÇÃO	UNIVERSIDADE ESTADUAL DE LONDRINA
5012034338598304	CIÊNCIA DA INFORMAÇÃO	UNIVERSIDADE ESTADUAL DE LONDRINA
7093169997866163	CIÊNCIA DA INFORMAÇÃO	UNIVERSIDADE ESTADUAL DE LONDRINA
4767432940301118	CIÊNCIA DA INFORMAÇÃO	UNIVERSIDADE FEDERAL DE SANTA CATARINA
0149028226656519	CIÊNCIA DA INFORMAÇÃO	UNIVERSIDADE FEDERAL DE SANTA CATARINA
2818512057033481	CIÊNCIA DA INFORMAÇÃO	UNIVERSIDADE FEDERAL DE SANTA CATARINA
1973469817655034	CIÊNCIA DA INFORMAÇÃO	UNIVERSIDADE FEDERAL DE SANTA CATARINA
6305102076032900	CIÊNCIA DA INFORMAÇÃO	UNIVERSIDADE FEDERAL DE SANTA CATARINA
3833417126925918	CIÊNCIA DA INFORMAÇÃO	UNIVERSIDADE FEDERAL DE SANTA CATARINA
2609254559240670	CIÊNCIA DA INFORMAÇÃO	UNIVERSIDADE FEDERAL DE SANTA CATARINA
6493679032893430	CIÊNCIA DA INFORMAÇÃO	UNIVERSIDADE FEDERAL DE SANTA CATARINA
4687858846001290	CIÊNCIA DA INFORMAÇÃO	UNIVERSIDADE FEDERAL DE SANTA CATARINA
1030772767470294	CIÊNCIA DA INFORMAÇÃO	UNIVERSIDADE FEDERAL DE SANTA CATARINA
1818999454664723	CIÊNCIA DA INFORMAÇÃO	UNIVERSIDADE FEDERAL DE SANTA CATARINA
6259487897392078	CIÊNCIA DA INFORMAÇÃO	UNIVERSIDADE FEDERAL DE SANTA CATARINA
6923013263292185	CIÊNCIA DA INFORMAÇÃO	UNIVERSIDADE FEDERAL DE SANTA CATARINA
4588973096462209	CIÊNCIA DA INFORMAÇÃO	UNIVERSIDADE FEDERAL DE SANTA CATARINA
0144377022254487	CIÊNCIA DA INFORMAÇÃO	UNIVERSIDADE FEDERAL DE SANTA CATARINA
1501432966944448	CIÊNCIA DA INFORMAÇÃO	UNIVERSIDADE FEDERAL DE SANTA CATARINA
1307713177150719	CIÊNCIA DA INFORMAÇÃO	UNIVERSIDADE FEDERAL DE SANTA CATARINA
3186874576738250	CIÊNCIA DA INFORMAÇÃO	UNIVERSIDADE FEDERAL DE SANTA CATARINA
8153758173673961	CIÊNCIA DA INFORMAÇÃO	UNIVERSIDADE FEDERAL DE SANTA CATARINA
7540571280471559	CIÊNCIA DA INFORMAÇÃO	UNIVERSIDADE FEDERAL DE SANTA CATARINA
7379964103715413	CIÊNCIA DA INFORMAÇÃO	UNIVERSIDADE FEDERAL DE SANTA CATARINA
1852532441492950	CIÊNCIA DA INFORMAÇÃO	UNIVERSIDADE FEDERAL DE SANTA CATARINA
6722222615474343	CIÊNCIA DA INFORMAÇÃO	UNIVERSIDADE FEDERAL DE SANTA CATARINA
5163191593965425	CIÊNCIA DA INFORMAÇÃO	UNIVERSIDADE FEDERAL DE SANTA CATARINA
0352307428831262	GESTÃO DA INFORMAÇÃO	UNIVERSIDADE DO ESTADO DE SANTA CATARINA
1234859590624941	GESTÃO DA INFORMAÇÃO	UNIVERSIDADE DO ESTADO DE SANTA CATARINA
5860437073918922	GESTÃO DA INFORMAÇÃO	UNIVERSIDADE DO ESTADO DE SANTA CATARINA
9176485678404469	GESTÃO DA INFORMAÇÃO	UNIVERSIDADE DO ESTADO DE SANTA CATARINA
6462168333441667	GESTÃO DA INFORMAÇÃO	UNIVERSIDADE DO ESTADO DE SANTA CATARINA
9181524134984137	GESTÃO DA INFORMAÇÃO	UNIVERSIDADE DO ESTADO DE SANTA CATARINA
2805777083019311	GESTÃO DA INFORMAÇÃO	UNIVERSIDADE DO ESTADO DE SANTA CATARINA
9018524527620180	GESTÃO DA INFORMAÇÃO	UNIVERSIDADE DO ESTADO DE SANTA CATARINA
5548053465975710	GESTÃO DA INFORMAÇÃO	UNIVERSIDADE DO ESTADO DE SANTA CATARINA
1247317226007147	GESTÃO DA INFORMAÇÃO	UNIVERSIDADE DO ESTADO DE SANTA CATARINA
8082687123726293	GESTÃO DA INFORMAÇÃO	UNIVERSIDADE DO ESTADO DE SANTA CATARINA
1599118875018269	GESTÃO DA INFORMAÇÃO	UNIVERSIDADE DO ESTADO DE SANTA CATARINA
1061253090585911	GESTÃO DA INFORMAÇÃO	UNIVERSIDADE DO ESTADO DE SANTA CATARINA
4713882118791156	GESTÃO DA INFORMAÇÃO	UNIVERSIDADE DO ESTADO DE SANTA CATARINA
1820349689685348	GESTÃO DA INFORMAÇÃO	UNIVERSIDADE DO ESTADO DE SANTA CATARINA
5814859475637460	GESTÃO DA INFORMAÇÃO	UNIVERSIDADE DO ESTADO DE SANTA CATARINA
2491699071811572	GESTÃO DA INFORMAÇÃO	UNIVERSIDADE DO ESTADO DE SANTA CATARINA
0155235005204514	GESTÃO DA INFORMAÇÃO	UNIVERSIDADE DO ESTADO DE SANTA CATARINA
5098869785865293	GESTÃO DA INFORMAÇÃO	UNIVERSIDADE DO ESTADO DE SANTA CATARINA
6918685083135065	GESTÃO DA INFORMAÇÃO	UNIVERSIDADE DO ESTADO DE SANTA CATARINA
0024847996183993	GESTÃO DA INFORMAÇÃO	UNIVERSIDADE DO ESTADO DE SANTA CATARINA
4660698668153332	GESTÃO DA INFORMAÇÃO	UNIVERSIDADE DO ESTADO DE SANTA CATARINA
9156522374815871	GESTÃO DA INFORMAÇÃO	UNIVERSIDADE DO ESTADO DE SANTA CATARINA
2943569686047674	GESTÃO DA INFORMAÇÃO	UNIVERSIDADE DO ESTADO DE SANTA CATARINA
2944177079112954	GESTÃO DA INFORMAÇÃO	UNIVERSIDADE DO ESTADO DE SANTA CATARINA
3995942647359410	CIÊNCIA DA INFORMAÇÃO	UNIVERSIDADE FEDERAL DO RIO GRANDE DO SUL
5627209208288722	CIÊNCIA DA INFORMAÇÃO	UNIVERSIDADE FEDERAL DO RIO GRANDE DO SUL
4834791532698069	CIÊNCIA DA INFORMAÇÃO	UNIVERSIDADE FEDERAL DO RIO GRANDE DO SUL
1458850189170755	CIÊNCIA DA INFORMAÇÃO	UNIVERSIDADE FEDERAL DO RIO GRANDE DO SUL
5900345665779424	CIÊNCIA DA INFORMAÇÃO	UNIVERSIDADE FEDERAL DO RIO GRANDE DO SUL
6542370154854198	CIÊNCIA DA INFORMAÇÃO	UNIVERSIDADE FEDERAL DO RIO GRANDE DO SUL
0229801641242896	CIÊNCIA DA INFORMAÇÃO	UNIVERSIDADE FEDERAL DO RIO GRANDE DO SUL
1734997653639992	CIÊNCIA DA INFORMAÇÃO	UNIVERSIDADE FEDERAL DO RIO GRANDE DO SUL
0339496971217162	CIÊNCIA DA INFORMAÇÃO	UNIVERSIDADE FEDERAL DO RIO GRANDE DO SUL
1304688580274983	CIÊNCIA DA INFORMAÇÃO	UNIVERSIDADE FEDERAL DO RIO GRANDE DO SUL
5118387541734094	CIÊNCIA DA INFORMAÇÃO	UNIVERSIDADE FEDERAL DO RIO GRANDE DO SUL
0569672544113959	CIÊNCIA DA INFORMAÇÃO	UNIVERSIDADE FEDERAL DO RIO GRANDE DO SUL
6563330119993372	CIÊNCIA DA INFORMAÇÃO	UNIVERSIDADE FEDERAL DO RIO GRANDE DO SUL
4635807083312321	CIÊNCIA DA INFORMAÇÃO	UNIVERSIDADE FEDERAL DO RIO GRANDE DO SUL
5243732207004083	CIÊNCIA DA INFORMAÇÃO	UNIVERSIDADE FEDERAL DO RIO GRANDE DO SUL
3991129099537472	CIÊNCIAS DA INFORMAÇÃO	UNIVERSIDADE DE BRASÍLIA
7080112300092250	CIÊNCIAS DA INFORMAÇÃO	UNIVERSIDADE DE BRASÍLIA
3092147925440268	CIÊNCIAS DA INFORMAÇÃO	UNIVERSIDADE DE BRASÍLIA
3170566653824541	CIÊNCIAS DA INFORMAÇÃO	UNIVERSIDADE DE BRASÍLIA
5059429476738704	CIÊNCIAS DA INFORMAÇÃO	UNIVERSIDADE DE BRASÍLIA
8046282601245273	CIÊNCIAS DA INFORMAÇÃO	UNIVERSIDADE DE BRASÍLIA
4752236489901895	CIÊNCIAS DA INFORMAÇÃO	UNIVERSIDADE DE BRASÍLIA
7191530003940077	CIÊNCIAS DA INFORMAÇÃO	UNIVERSIDADE DE BRASÍLIA
2683882609392455	CIÊNCIAS DA INFORMAÇÃO	UNIVERSIDADE DE BRASÍLIA
7846212059366799	CIÊNCIAS DA INFORMAÇÃO	UNIVERSIDADE DE BRASÍLIA
7033301273963724	CIÊNCIAS DA INFORMAÇÃO	UNIVERSIDADE DE BRASÍLIA
8531105272766089	CIÊNCIAS DA INFORMAÇÃO	UNIVERSIDADE DE BRASÍLIA
4609811632387529	CIÊNCIAS DA INFORMAÇÃO	UNIVERSIDADE DE BRASÍLIA
5810994575541911	CIÊNCIAS DA INFORMAÇÃO	UNIVERSIDADE DE BRASÍLIA
9941441906608746	CIÊNCIAS DA INFORMAÇÃO	UNIVERSIDADE DE BRASÍLIA
5541636086123721	CIÊNCIAS DA INFORMAÇÃO	UNIVERSIDADE DE BRASÍLIA
7471330631188406	CIÊNCIAS DA INFORMAÇÃO	UNIVERSIDADE DE BRASÍLIA
7851064698387435	CIÊNCIAS DA INFORMAÇÃO	UNIVERSIDADE DE BRASÍLIA
8175059045027748	CIÊNCIAS DA INFORMAÇÃO	UNIVERSIDADE DE BRASÍLIA
3774617443225038	CIÊNCIAS DA INFORMAÇÃO	UNIVERSIDADE DE BRASÍLIA
7471118579735377	CIÊNCIAS DA INFORMAÇÃO	UNIVERSIDADE DE BRASÍLIA
1923828283438124	CIÊNCIAS DA INFORMAÇÃO	UNIVERSIDADE DE BRASÍLIA
2413567691663920	CIÊNCIAS DA INFORMAÇÃO	UNIVERSIDADE DE BRASÍLIA
3364096778603273	CIÊNCIAS DA INFORMAÇÃO	UNIVERSIDADE DE BRASÍLIA
