COD_LATTES_16	TIPVIN	GENERO	PPG_NOME	INSTITUICAO
3355963647616547	PERMANENTE	Masculino	CIÊNCIA DA INFORMAÇÃO	UNIVERSIDADE FEDERAL DO PARÁ
1388841813412015	PERMANENTE	Feminino	CIÊNCIA DA INFORMAÇÃO	UNIVERSIDADE FEDERAL DO PARÁ
6737749200665570	PERMANENTE	Feminino	CIÊNCIA DA INFORMAÇÃO	UNIVERSIDADE FEDERAL DO PARÁ
6976397161261491	PERMANENTE	Feminino	CIÊNCIA DA INFORMAÇÃO	UNIVERSIDADE FEDERAL DO PARÁ
2126481201660872	PERMANENTE	Feminino	CIÊNCIA DA INFORMAÇÃO	UNIVERSIDADE FEDERAL DO PARÁ
7479155415193658	COLABORADOR	Feminino	CIÊNCIA DA INFORMAÇÃO	UNIVERSIDADE FEDERAL DO PARÁ
5556499513805582	PERMANENTE	Masculino	CIÊNCIA DA INFORMAÇÃO	UNIVERSIDADE FEDERAL DO PARÁ
2484200467965399	PERMANENTE	Masculino	CIÊNCIA DA INFORMAÇÃO	UNIVERSIDADE FEDERAL DO PARÁ
9613980184982976	COLABORADOR	Feminino	CIÊNCIA DA INFORMAÇÃO	UNIVERSIDADE FEDERAL DO PARÁ
0339496971217162	PERMANENTE	Masculino	CIÊNCIA DA INFORMAÇÃO	UNIVERSIDADE FEDERAL DO PARÁ
1678579864255236	PERMANENTE	Feminino	CIÊNCIA DA INFORMAÇÃO	UNIVERSIDADE FEDERAL DO PARÁ
8152394509168605	PERMANENTE	Feminino	CIÊNCIA DA INFORMAÇÃO	UNIVERSIDADE FEDERAL DO PARÁ
9936991322389586	PERMANENTE	Feminino	CIÊNCIA DA INFORMAÇÃO	UNIVERSIDADE FEDERAL DO PARÁ
9296179246118904	PERMANENTE	Masculino	CIÊNCIA DA INFORMAÇÃO	UNIVERSIDADE FEDERAL DO PARÁ
9550647395377220	PERMANENTE	Feminino	CIÊNCIA DA INFORMAÇÃO	UNIVERSIDADE FEDERAL DO PARÁ
3172995771315859	PERMANENTE	Masculino	CIÊNCIA DA INFORMAÇÃO	UNIVERSIDADE FEDERAL DO PARÁ
5819951651545585	PERMANENTE	Masculino	CIÊNCIA DA INFORMAÇÃO	UNIVERSIDADE FEDERAL DO PARÁ
0976534900847907	PERMANENTE	Masculino	CIÊNCIA DA INFORMAÇÃO	UNIVERSIDADE FEDERAL DO PARÁ
0924734376057863	PERMANENTE	Masculino	CIÊNCIA DA INFORMAÇÃO	UNIVERSIDADE FEDERAL DO PARÁ
6085807397296909	PERMANENTE	Feminino	CIÊNCIA DA INFORMAÇÃO	UNIVERSIDADE FEDERAL DO PARÁ
7647896359798477	COLABORADOR	Feminino	CIÊNCIA DA INFORMAÇÃO	UNIVERSIDADE FEDERAL DO CEARÁ
0644851336615059	PERMANENTE	Masculino	CIÊNCIA DA INFORMAÇÃO	UNIVERSIDADE FEDERAL DO CEARÁ
7584115523461248	PERMANENTE	Feminino	CIÊNCIA DA INFORMAÇÃO	UNIVERSIDADE FEDERAL DO CEARÁ
6346079652322359	PERMANENTE	Feminino	CIÊNCIA DA INFORMAÇÃO	UNIVERSIDADE FEDERAL DO CEARÁ
3383299470190507	PERMANENTE	Feminino	CIÊNCIA DA INFORMAÇÃO	UNIVERSIDADE FEDERAL DO CEARÁ
9393190768810116	PERMANENTE	Feminino	CIÊNCIA DA INFORMAÇÃO	UNIVERSIDADE FEDERAL DO CEARÁ
8811165871130066	PERMANENTE	Feminino	CIÊNCIA DA INFORMAÇÃO	UNIVERSIDADE FEDERAL DO CEARÁ
2053936680844527	PERMANENTE	Masculino	CIÊNCIA DA INFORMAÇÃO	UNIVERSIDADE FEDERAL DO CEARÁ
4580502642241951	PERMANENTE	Feminino	CIÊNCIA DA INFORMAÇÃO	UNIVERSIDADE FEDERAL DO CEARÁ
9944781887088838	COLABORADOR	Masculino	CIÊNCIA DA INFORMAÇÃO	UNIVERSIDADE FEDERAL DO CEARÁ
1759902798115392	PERMANENTE	Feminino	CIÊNCIA DA INFORMAÇÃO	UNIVERSIDADE FEDERAL DO CEARÁ
2825957670105564	PERMANENTE	Masculino	CIÊNCIA DA INFORMAÇÃO	UNIVERSIDADE FEDERAL DO CEARÁ
2401685290370393	PERMANENTE	Masculino	CIÊNCIA DA INFORMAÇÃO	UNIVERSIDADE FEDERAL DO CEARÁ
1806063717574977	PERMANENTE	Masculino	CIÊNCIA DA INFORMAÇÃO	UNIVERSIDADE FEDERAL DO CARIRI
0013890432793373	COLABORADOR	Feminino	CIÊNCIA DA INFORMAÇÃO	UNIVERSIDADE FEDERAL DO CARIRI
0939531253224149	PERMANENTE	Feminino	CIÊNCIA DA INFORMAÇÃO	UNIVERSIDADE FEDERAL DO CARIRI
1273037072033521	PERMANENTE	Masculino	CIÊNCIA DA INFORMAÇÃO	UNIVERSIDADE FEDERAL DO CARIRI
5619979866984830	PERMANENTE	Feminino	CIÊNCIA DA INFORMAÇÃO	UNIVERSIDADE FEDERAL DO CARIRI
1365092858604074	PERMANENTE	Feminino	CIÊNCIA DA INFORMAÇÃO	UNIVERSIDADE FEDERAL DO CARIRI
4998271672992540	PERMANENTE	Masculino	CIÊNCIA DA INFORMAÇÃO	UNIVERSIDADE FEDERAL DO CARIRI
3561131844492762	PERMANENTE	Masculino	CIÊNCIA DA INFORMAÇÃO	UNIVERSIDADE FEDERAL DO CARIRI
0148195378287401	PERMANENTE	Masculino	CIÊNCIA DA INFORMAÇÃO	UNIVERSIDADE FEDERAL DO CARIRI
1769678534430582	PERMANENTE	Masculino	CIÊNCIA DA INFORMAÇÃO	UNIVERSIDADE FEDERAL DO CARIRI
4043001469234206	PERMANENTE	Masculino	CIÊNCIA DA INFORMAÇÃO	UNIVERSIDADE FEDERAL DO CARIRI
3948252543083879	PERMANENTE	Feminino	CIÊNCIA DA INFORMAÇÃO	UNIVERSIDADE FEDERAL DO CARIRI
1049186978910803	COLABORADOR	Masculino	CIÊNCIA DA INFORMAÇÃO	UNIVERSIDADE FEDERAL DO CARIRI
8493209936697007	COLABORADOR	Masculino	CIÊNCIA DA INFORMAÇÃO	UNIVERSIDADE FEDERAL DO CARIRI
5194942555377349	COLABORADOR	Masculino	CIÊNCIA DA INFORMAÇÃO	UNIVERSIDADE FEDERAL DO CARIRI
9873581625743462	PERMANENTE	Feminino	CIÊNCIA DA INFORMAÇÃO	UNIVERSIDADE FEDERAL DO CARIRI
6421811965337503	PERMANENTE	Feminino	CIÊNCIA DA INFORMAÇÃO	UNIVERSIDADE FEDERAL DO CARIRI
9855397515537899	COLABORADOR	Feminino	CIÊNCIA DA INFORMAÇÃO	UNIVERSIDADE FEDERAL DO CARIRI
2376636144965734	PERMANENTE	Masculino	CIÊNCIA DA INFORMAÇÃO	UNIVERSIDADE FEDERAL DO CARIRI
7431498333122929	PERMANENTE	Feminino	CIÊNCIA DA INFORMAÇÃO	UNIVERSIDADE FEDERAL DO CARIRI
2814835220579666	PERMANENTE	Masculino	CIÊNCIA DA INFORMAÇÃO	UNIVERSIDADE FEDERAL DO CARIRI
4506080444921335	PERMANENTE	Feminino	CIÊNCIA DA INFORMAÇÃO	UNIVERSIDADE FEDERAL DO CARIRI
8413756820860572	PERMANENTE	Masculino	CIÊNCIA DA INFORMAÇÃO	UNIVERSIDADE FEDERAL DO CARIRI
7864092926643460	PERMANENTE	Masculino	CIÊNCIA DA INFORMAÇÃO	UNIVERSIDADE FEDERAL DO RIO GRANDE DO NORTE
5678994663094158	PERMANENTE	Feminino	CIÊNCIA DA INFORMAÇÃO	UNIVERSIDADE FEDERAL DO RIO GRANDE DO NORTE
1609557353294133	PERMANENTE	Feminino	CIÊNCIA DA INFORMAÇÃO	UNIVERSIDADE FEDERAL DO RIO GRANDE DO NORTE
0017857898026618	PERMANENTE	Feminino	CIÊNCIA DA INFORMAÇÃO	UNIVERSIDADE FEDERAL DO RIO GRANDE DO NORTE
8600703674458800	PERMANENTE	Feminino	CIÊNCIA DA INFORMAÇÃO	UNIVERSIDADE FEDERAL DO RIO GRANDE DO NORTE
9461909998413307	PERMANENTE	Feminino	CIÊNCIA DA INFORMAÇÃO	UNIVERSIDADE FEDERAL DO RIO GRANDE DO NORTE
7672865939553870	PERMANENTE	Masculino	CIÊNCIA DA INFORMAÇÃO	UNIVERSIDADE FEDERAL DO RIO GRANDE DO NORTE
3834444250606399	PERMANENTE	Masculino	CIÊNCIA DA INFORMAÇÃO	UNIVERSIDADE FEDERAL DO RIO GRANDE DO NORTE
4140071819487172	COLABORADOR	Feminino	CIÊNCIA DA INFORMAÇÃO	UNIVERSIDADE FEDERAL DO RIO GRANDE DO NORTE
8939049222796130	COLABORADOR	Feminino	CIÊNCIA DA INFORMAÇÃO	UNIVERSIDADE FEDERAL DO RIO GRANDE DO NORTE
0229537475582012	PERMANENTE	Feminino	CIÊNCIA DA INFORMAÇÃO	UNIVERSIDADE FEDERAL DO RIO GRANDE DO NORTE
1727550604163016	PERMANENTE	Masculino	CIÊNCIA DA INFORMAÇÃO	UNIVERSIDADE FEDERAL DO RIO GRANDE DO NORTE
2292727379014867	PERMANENTE	Feminino	CIÊNCIA DA INFORMAÇÃO	UNIVERSIDADE FEDERAL DA PARAÍBA ( JOÃO PESSOA )
0221265788966967	PERMANENTE	Masculino	CIÊNCIA DA INFORMAÇÃO	UNIVERSIDADE FEDERAL DA PARAÍBA ( JOÃO PESSOA )
4161078945259300	COLABORADOR	Masculino	CIÊNCIA DA INFORMAÇÃO	UNIVERSIDADE FEDERAL DA PARAÍBA ( JOÃO PESSOA )
9152981469958239	PERMANENTE	Feminino	CIÊNCIA DA INFORMAÇÃO	UNIVERSIDADE FEDERAL DA PARAÍBA ( JOÃO PESSOA )
9665648668089568	PERMANENTE	Feminino	CIÊNCIA DA INFORMAÇÃO	UNIVERSIDADE FEDERAL DA PARAÍBA ( JOÃO PESSOA )
8992341585329383	PERMANENTE	Feminino	CIÊNCIA DA INFORMAÇÃO	UNIVERSIDADE FEDERAL DA PARAÍBA ( JOÃO PESSOA )
0252677389291551	PERMANENTE	Feminino	CIÊNCIA DA INFORMAÇÃO	UNIVERSIDADE FEDERAL DA PARAÍBA ( JOÃO PESSOA )
3942210361822168	PERMANENTE	Masculino	CIÊNCIA DA INFORMAÇÃO	UNIVERSIDADE FEDERAL DA PARAÍBA ( JOÃO PESSOA )
2774920113255079	PERMANENTE	Feminino	CIÊNCIA DA INFORMAÇÃO	UNIVERSIDADE FEDERAL DA PARAÍBA ( JOÃO PESSOA )
7223433849369850	COLABORADOR	Feminino	CIÊNCIA DA INFORMAÇÃO	UNIVERSIDADE FEDERAL DA PARAÍBA ( JOÃO PESSOA )
8430720903326399	PERMANENTE	Feminino	CIÊNCIA DA INFORMAÇÃO	UNIVERSIDADE FEDERAL DA PARAÍBA ( JOÃO PESSOA )
6762905361803183	PERMANENTE	Masculino	CIÊNCIA DA INFORMAÇÃO	UNIVERSIDADE FEDERAL DA PARAÍBA ( JOÃO PESSOA )
9310201739348129	PERMANENTE	Feminino	CIÊNCIA DA INFORMAÇÃO	UNIVERSIDADE FEDERAL DA PARAÍBA ( JOÃO PESSOA )
7431498333122929	PERMANENTE	Feminino	CIÊNCIA DA INFORMAÇÃO	UNIVERSIDADE FEDERAL DA PARAÍBA ( JOÃO PESSOA )
9118083826048075	PERMANENTE	Feminino	CIÊNCIA DA INFORMAÇÃO	UNIVERSIDADE FEDERAL DA PARAÍBA ( JOÃO PESSOA )
5458344734085444	PERMANENTE	Masculino	CIÊNCIA DA INFORMAÇÃO	UNIVERSIDADE FEDERAL DA PARAÍBA ( JOÃO PESSOA )
0920934902479266	PERMANENTE	Feminino	CIÊNCIA DA INFORMAÇÃO	UNIVERSIDADE FEDERAL DA PARAÍBA ( JOÃO PESSOA )
9553707435669429	PERMANENTE	Masculino	CIÊNCIA DA INFORMAÇÃO	UNIVERSIDADE FEDERAL DA PARAÍBA ( JOÃO PESSOA )
5646522403599369	PERMANENTE	Masculino	CIÊNCIA DA INFORMAÇÃO	UNIVERSIDADE FEDERAL DA PARAÍBA ( JOÃO PESSOA )
5619979866984830	COLABORADOR	Feminino	CIÊNCIA DA INFORMAÇÃO	UNIVERSIDADE FEDERAL DA PARAÍBA ( JOÃO PESSOA )
9024978229643441	PERMANENTE	Masculino	CIÊNCIA DA INFORMAÇÃO	UNIVERSIDADE FEDERAL DA PARAÍBA ( JOÃO PESSOA )
2217613637426413	PERMANENTE	Feminino	CIÊNCIA DA INFORMAÇÃO	UNIVERSIDADE FEDERAL DA PARAÍBA ( JOÃO PESSOA )
9847960499982828	PERMANENTE	Masculino	CIÊNCIA DA INFORMAÇÃO	UNIVERSIDADE FEDERAL DA PARAÍBA ( JOÃO PESSOA )
0437948815138207	PERMANENTE	Feminino	CIÊNCIA DA INFORMAÇÃO	UNIVERSIDADE FEDERAL DA PARAÍBA ( JOÃO PESSOA )
4231993792347599	PERMANENTE	Masculino	CIÊNCIA DA INFORMAÇÃO	UNIVERSIDADE FEDERAL DA PARAÍBA ( JOÃO PESSOA )
7416324505673009	PERMANENTE	Feminino	CIÊNCIA DA INFORMAÇÃO	UNIVERSIDADE FEDERAL DE PERNAMBUCO
7300520149420928	PERMANENTE	Feminino	CIÊNCIA DA INFORMAÇÃO	UNIVERSIDADE FEDERAL DE PERNAMBUCO
5938270183811260	PERMANENTE	Feminino	CIÊNCIA DA INFORMAÇÃO	UNIVERSIDADE FEDERAL DE PERNAMBUCO
4923627544089379	PERMANENTE	Feminino	CIÊNCIA DA INFORMAÇÃO	UNIVERSIDADE FEDERAL DE PERNAMBUCO
7413464711814360	PERMANENTE	Masculino	CIÊNCIA DA INFORMAÇÃO	UNIVERSIDADE FEDERAL DE PERNAMBUCO
3656327420806840	PERMANENTE	Masculino	CIÊNCIA DA INFORMAÇÃO	UNIVERSIDADE FEDERAL DE PERNAMBUCO
9023999545198140	PERMANENTE	Masculino	CIÊNCIA DA INFORMAÇÃO	UNIVERSIDADE FEDERAL DE PERNAMBUCO
1526528881898399	PERMANENTE	Feminino	CIÊNCIA DA INFORMAÇÃO	UNIVERSIDADE FEDERAL DE PERNAMBUCO
2595121603577953	PERMANENTE	Masculino	CIÊNCIA DA INFORMAÇÃO	UNIVERSIDADE FEDERAL DE PERNAMBUCO
4220711855480007	PERMANENTE	Masculino	CIÊNCIA DA INFORMAÇÃO	UNIVERSIDADE FEDERAL DE PERNAMBUCO
1483750169047328	COLABORADOR	Masculino	CIÊNCIA DA INFORMAÇÃO	UNIVERSIDADE FEDERAL DE PERNAMBUCO
2926539030183375	COLABORADOR	Feminino	CIÊNCIA DA INFORMAÇÃO	UNIVERSIDADE FEDERAL DE PERNAMBUCO
7536537827447217	PERMANENTE	Masculino	CIÊNCIA DA INFORMAÇÃO	UNIVERSIDADE FEDERAL DE PERNAMBUCO
2565474279842382	PERMANENTE	Masculino	CIÊNCIA DA INFORMAÇÃO	UNIVERSIDADE FEDERAL DE PERNAMBUCO
3104358247786444	COLABORADOR	Feminino	CIÊNCIA DA INFORMAÇÃO	UNIVERSIDADE FEDERAL DE ALAGOAS
3403467342603520	PERMANENTE	Feminino	CIÊNCIA DA INFORMAÇÃO	UNIVERSIDADE FEDERAL DE ALAGOAS
6317834863149595	PERMANENTE	Masculino	CIÊNCIA DA INFORMAÇÃO	UNIVERSIDADE FEDERAL DE ALAGOAS
6242230957935100	PERMANENTE	Feminino	CIÊNCIA DA INFORMAÇÃO	UNIVERSIDADE FEDERAL DE ALAGOAS
9677263203563065	PERMANENTE	Masculino	CIÊNCIA DA INFORMAÇÃO	UNIVERSIDADE FEDERAL DE ALAGOAS
9511112631138534	PERMANENTE	Feminino	CIÊNCIA DA INFORMAÇÃO	UNIVERSIDADE FEDERAL DE ALAGOAS
3328212638040851	PERMANENTE	Masculino	CIÊNCIA DA INFORMAÇÃO	UNIVERSIDADE FEDERAL DE ALAGOAS
3704296766875413	PERMANENTE	Masculino	CIÊNCIA DA INFORMAÇÃO	UNIVERSIDADE FEDERAL DE ALAGOAS
8449472217863692	PERMANENTE	Feminino	CIÊNCIA DA INFORMAÇÃO	UNIVERSIDADE FEDERAL DE ALAGOAS
7035677257870103	PERMANENTE	Masculino	CIÊNCIA DA INFORMAÇÃO	UNIVERSIDADE FEDERAL DE ALAGOAS
5646522403599369	PERMANENTE	Masculino	CIÊNCIA DA INFORMAÇÃO	UNIVERSIDADE FEDERAL DE ALAGOAS
2476575812399947	PERMANENTE	Feminino	CIÊNCIA DA INFORMAÇÃO	UNIVERSIDADE FEDERAL DE ALAGOAS
1122196964622407	COLABORADOR	Feminino	CIÊNCIA DA INFORMAÇÃO	UNIVERSIDADE FEDERAL DE ALAGOAS
3223150635170651	PERMANENTE	Feminino	CIÊNCIA DA INFORMAÇÃO	UNIVERSIDADE FEDERAL DE ALAGOAS
8048999419906071	PERMANENTE	Feminino	CIÊNCIA DA INFORMAÇÃO	UNIVERSIDADE FEDERAL DE ALAGOAS
2920056222023500	PERMANENTE	Masculino	CIÊNCIA DA INFORMAÇÃO	UNIVERSIDADE FEDERAL DE ALAGOAS
5757752956884154	PERMANENTE	Feminino	CIÊNCIA DA INFORMAÇÃO	UNIVERSIDADE FEDERAL DE ALAGOAS
8956553256560362	PERMANENTE	Masculino	CIÊNCIA DA INFORMAÇÃO	UNIVERSIDADE FEDERAL DE ALAGOAS
8058407443429697	PERMANENTE	Feminino	CIÊNCIA DA INFORMAÇÃO	FUNDAÇÃO UNIVERSIDADE FEDERAL DE SERGIPE
0068832514578140	PERMANENTE	Feminino	CIÊNCIA DA INFORMAÇÃO	FUNDAÇÃO UNIVERSIDADE FEDERAL DE SERGIPE
5611829504195938	PERMANENTE	Masculino	CIÊNCIA DA INFORMAÇÃO	FUNDAÇÃO UNIVERSIDADE FEDERAL DE SERGIPE
0106962520738975	PERMANENTE	Feminino	CIÊNCIA DA INFORMAÇÃO	FUNDAÇÃO UNIVERSIDADE FEDERAL DE SERGIPE
1068196372764440	PERMANENTE	Masculino	CIÊNCIA DA INFORMAÇÃO	FUNDAÇÃO UNIVERSIDADE FEDERAL DE SERGIPE
3737917347678121	PERMANENTE	Feminino	CIÊNCIA DA INFORMAÇÃO	FUNDAÇÃO UNIVERSIDADE FEDERAL DE SERGIPE
6389478283904135	COLABORADOR	Masculino	CIÊNCIA DA INFORMAÇÃO	FUNDAÇÃO UNIVERSIDADE FEDERAL DE SERGIPE
0300255203406433	PERMANENTE	Feminino	CIÊNCIA DA INFORMAÇÃO	FUNDAÇÃO UNIVERSIDADE FEDERAL DE SERGIPE
5007416885439404	PERMANENTE	Masculino	CIÊNCIA DA INFORMAÇÃO	FUNDAÇÃO UNIVERSIDADE FEDERAL DE SERGIPE
5486386468044529	PERMANENTE	Feminino	CIÊNCIA DA INFORMAÇÃO	FUNDAÇÃO UNIVERSIDADE FEDERAL DE SERGIPE
8059846475323761	PERMANENTE	Feminino	CIÊNCIA DA INFORMAÇÃO	FUNDAÇÃO UNIVERSIDADE FEDERAL DE SERGIPE
2288175522295750	PERMANENTE	Feminino	CIÊNCIA DA INFORMAÇÃO	FUNDAÇÃO UNIVERSIDADE FEDERAL DE SERGIPE
9487332055549431	COLABORADOR	Masculino	CIÊNCIA DA INFORMAÇÃO	FUNDAÇÃO UNIVERSIDADE FEDERAL DE SERGIPE
9648732999706904	COLABORADOR	Masculino	CIÊNCIA DA INFORMAÇÃO	UNIVERSIDADE FEDERAL DA BAHIA
7598251938338379	PERMANENTE	Feminino	CIÊNCIA DA INFORMAÇÃO	UNIVERSIDADE FEDERAL DA BAHIA
6468376220858021	PERMANENTE	Feminino	CIÊNCIA DA INFORMAÇÃO	UNIVERSIDADE FEDERAL DA BAHIA
8179247092679836	COLABORADOR	Feminino	CIÊNCIA DA INFORMAÇÃO	UNIVERSIDADE FEDERAL DA BAHIA
0013890432793373	PERMANENTE	Feminino	CIÊNCIA DA INFORMAÇÃO	UNIVERSIDADE FEDERAL DA BAHIA
3163746449445444	PERMANENTE	Feminino	CIÊNCIA DA INFORMAÇÃO	UNIVERSIDADE FEDERAL DA BAHIA
2047669969723945	PERMANENTE	Masculino	CIÊNCIA DA INFORMAÇÃO	UNIVERSIDADE FEDERAL DA BAHIA
4775068257764378	COLABORADOR	Feminino	CIÊNCIA DA INFORMAÇÃO	UNIVERSIDADE FEDERAL DA BAHIA
1512406261228592	PERMANENTE	Feminino	CIÊNCIA DA INFORMAÇÃO	UNIVERSIDADE FEDERAL DA BAHIA
3549702267586529	PERMANENTE	Masculino	CIÊNCIA DA INFORMAÇÃO	UNIVERSIDADE FEDERAL DA BAHIA
7616062383606976	COLABORADOR	Masculino	CIÊNCIA DA INFORMAÇÃO	UNIVERSIDADE FEDERAL DA BAHIA
8031125006782425	PERMANENTE	Feminino	CIÊNCIA DA INFORMAÇÃO	UNIVERSIDADE FEDERAL DA BAHIA
7692330654655603	COLABORADOR	Feminino	CIÊNCIA DA INFORMAÇÃO	UNIVERSIDADE FEDERAL DA BAHIA
9545682339961651	PERMANENTE	Feminino	CIÊNCIA DA INFORMAÇÃO	UNIVERSIDADE FEDERAL DA BAHIA
0229801641242896	COLABORADOR	Feminino	CIÊNCIA DA INFORMAÇÃO	UNIVERSIDADE FEDERAL DA BAHIA
2652839078793474	COLABORADOR	Masculino	CIÊNCIA DA INFORMAÇÃO	UNIVERSIDADE FEDERAL DA BAHIA
1692218547069653	PERMANENTE	Feminino	CIÊNCIA DA INFORMAÇÃO	UNIVERSIDADE FEDERAL DA BAHIA
8047892088151487	PERMANENTE	Feminino	CIÊNCIA DA INFORMAÇÃO	UNIVERSIDADE FEDERAL DA BAHIA
8556052856793278	PERMANENTE	Masculino	CIÊNCIA DA INFORMAÇÃO	UNIVERSIDADE FEDERAL DA BAHIA
4391603096349380	PERMANENTE	Masculino	CIÊNCIA DA INFORMAÇÃO	UNIVERSIDADE FEDERAL DA BAHIA
7327673330074701	PERMANENTE	Feminino	CIÊNCIA DA INFORMAÇÃO	UNIVERSIDADE FEDERAL DA BAHIA
2274233937243548	PERMANENTE	Feminino	CIÊNCIA DA INFORMAÇÃO	UNIVERSIDADE FEDERAL DA BAHIA
5753747789594398	PERMANENTE	Feminino	CIÊNCIA DA INFORMAÇÃO	UNIVERSIDADE FEDERAL DA BAHIA
2594676200025013	PERMANENTE	Feminino	CIÊNCIA DA INFORMAÇÃO	UNIVERSIDADE FEDERAL DA BAHIA
9280443047358807	PERMANENTE	Feminino	CIÊNCIA DA INFORMAÇÃO	UNIVERSIDADE FEDERAL DO ESPÍRITO SANTO
4463264638076544	COLABORADOR	Masculino	CIÊNCIA DA INFORMAÇÃO	UNIVERSIDADE FEDERAL DO ESPÍRITO SANTO
5623964456964265	PERMANENTE	Masculino	CIÊNCIA DA INFORMAÇÃO	UNIVERSIDADE FEDERAL DO ESPÍRITO SANTO
3409664107216795	PERMANENTE	Feminino	CIÊNCIA DA INFORMAÇÃO	UNIVERSIDADE FEDERAL DO ESPÍRITO SANTO
0335559966184833	PERMANENTE	Feminino	CIÊNCIA DA INFORMAÇÃO	UNIVERSIDADE FEDERAL DO ESPÍRITO SANTO
7448832399554247	PERMANENTE	Feminino	CIÊNCIA DA INFORMAÇÃO	UNIVERSIDADE FEDERAL DO ESPÍRITO SANTO
5035919384923489	PERMANENTE	Masculino	CIÊNCIA DA INFORMAÇÃO	UNIVERSIDADE FEDERAL DO ESPÍRITO SANTO
2553964864422495	PERMANENTE	Masculino	CIÊNCIA DA INFORMAÇÃO	UNIVERSIDADE FEDERAL DO ESPÍRITO SANTO
5544177179431479	PERMANENTE	Feminino	CIÊNCIA DA INFORMAÇÃO	UNIVERSIDADE FEDERAL DO ESPÍRITO SANTO
8344210421589146	PERMANENTE	Feminino	CIÊNCIA DA INFORMAÇÃO	UNIVERSIDADE FEDERAL DO ESPÍRITO SANTO
6346587909398922	PERMANENTE	Feminino	CIÊNCIA DA INFORMAÇÃO	UNIVERSIDADE FEDERAL DO ESPÍRITO SANTO
8808213730426235	PERMANENTE	Feminino	CIÊNCIA DA INFORMAÇÃO	UNIVERSIDADE FEDERAL DO ESPÍRITO SANTO
4433049915911546	PERMANENTE	Feminino	CIÊNCIA DA INFORMAÇÃO	UNIVERSIDADE FEDERAL DO RIO DE JANEIRO
8376134230259399	COLABORADOR	Masculino	CIÊNCIA DA INFORMAÇÃO	UNIVERSIDADE FEDERAL DO RIO DE JANEIRO
8920113816573321	PERMANENTE	Masculino	CIÊNCIA DA INFORMAÇÃO	UNIVERSIDADE FEDERAL DO RIO DE JANEIRO
6589062304969432	PERMANENTE	Masculino	CIÊNCIA DA INFORMAÇÃO	UNIVERSIDADE FEDERAL DO RIO DE JANEIRO
1287998611558420	COLABORADOR	Masculino	CIÊNCIA DA INFORMAÇÃO	UNIVERSIDADE FEDERAL DO RIO DE JANEIRO
3661612581538948	PERMANENTE	Feminino	CIÊNCIA DA INFORMAÇÃO	UNIVERSIDADE FEDERAL DO RIO DE JANEIRO
3087665610359216	PERMANENTE	Feminino	CIÊNCIA DA INFORMAÇÃO	UNIVERSIDADE FEDERAL DO RIO DE JANEIRO
9090064478702633	PERMANENTE	Feminino	CIÊNCIA DA INFORMAÇÃO	UNIVERSIDADE FEDERAL DO RIO DE JANEIRO
5331547205905799	COLABORADOR	Masculino	CIÊNCIA DA INFORMAÇÃO	UNIVERSIDADE FEDERAL DO RIO DE JANEIRO
3422623122948389	PERMANENTE	Masculino	CIÊNCIA DA INFORMAÇÃO	UNIVERSIDADE FEDERAL DO RIO DE JANEIRO
4482415757591851	COLABORADOR	Masculino	CIÊNCIA DA INFORMAÇÃO	UNIVERSIDADE FEDERAL DO RIO DE JANEIRO
3565629573688410	COLABORADOR	Masculino	CIÊNCIA DA INFORMAÇÃO	UNIVERSIDADE FEDERAL DO RIO DE JANEIRO
9123225715599547	PERMANENTE	Feminino	CIÊNCIA DA INFORMAÇÃO	UNIVERSIDADE FEDERAL DO RIO DE JANEIRO
0733908324235348	PERMANENTE	Masculino	CIÊNCIA DA INFORMAÇÃO	UNIVERSIDADE FEDERAL DO RIO DE JANEIRO
0513059117476894	COLABORADOR	Feminino	CIÊNCIA DA INFORMAÇÃO	UNIVERSIDADE FEDERAL DO RIO DE JANEIRO
4133191475294218	PERMANENTE	Feminino	CIÊNCIA DA INFORMAÇÃO	UNIVERSIDADE FEDERAL DO RIO DE JANEIRO
2413567691663920	PERMANENTE	Feminino	CIÊNCIA DA INFORMAÇÃO	UNIVERSIDADE FEDERAL DO RIO DE JANEIRO
0396928965160154	COLABORADOR	Masculino	CIÊNCIA DA INFORMAÇÃO	UNIVERSIDADE FEDERAL DO RIO DE JANEIRO
6143079905555041	PERMANENTE	Masculino	CIÊNCIA DA INFORMAÇÃO	UNIVERSIDADE FEDERAL DO RIO DE JANEIRO
8438289850732520	PERMANENTE	Feminino	CIÊNCIA DA INFORMAÇÃO	UNIVERSIDADE FEDERAL DO RIO DE JANEIRO
8946328562221916	PERMANENTE	Feminino	CIÊNCIA DA INFORMAÇÃO	UNIVERSIDADE FEDERAL DO RIO DE JANEIRO
5541636086123721	PERMANENTE	Feminino	CIÊNCIA DA INFORMAÇÃO	UNIVERSIDADE FEDERAL DO RIO DE JANEIRO
5458344734085444	COLABORADOR	Masculino	CIÊNCIA DA INFORMAÇÃO	UNIVERSIDADE FEDERAL DO RIO DE JANEIRO
5012034338598304	PERMANENTE	Feminino	CIÊNCIA DA INFORMAÇÃO	UNIVERSIDADE FEDERAL DO RIO DE JANEIRO
1359214991662158	PERMANENTE	Masculino	CIÊNCIA DA INFORMAÇÃO	UNIVERSIDADE FEDERAL DO RIO DE JANEIRO
1722582102636346	PERMANENTE	Feminino	CIÊNCIA DA INFORMAÇÃO	UNIVERSIDADE FEDERAL DO RIO DE JANEIRO
6352285207676599	PERMANENTE	Feminino	CIÊNCIA DA INFORMAÇÃO	UNIVERSIDADE FEDERAL DO RIO DE JANEIRO
9613980184982976	PERMANENTE	Feminino	CIÊNCIA DA INFORMAÇÃO	UNIVERSIDADE FEDERAL DO RIO DE JANEIRO
8757803805826489	PERMANENTE	Feminino	CIÊNCIA DA INFORMAÇÃO	UNIVERSIDADE FEDERAL DO RIO DE JANEIRO
4727891485011869	PERMANENTE	Masculino	CIÊNCIA DA INFORMAÇÃO	UNIVERSIDADE FEDERAL DO RIO DE JANEIRO
5424368847166565	PERMANENTE	Feminino	CIÊNCIA DA INFORMAÇÃO	UNIVERSIDADE FEDERAL DO RIO DE JANEIRO
0416440515458304	PERMANENTE	Masculino	CIÊNCIA DA INFORMAÇÃO	UNIVERSIDADE FEDERAL DO RIO DE JANEIRO
8940558845344490	COLABORADOR	Feminino	CIÊNCIA DA INFORMAÇÃO	UNIVERSIDADE FEDERAL FLUMINENSE
1646741868261976	PERMANENTE	Masculino	CIÊNCIA DA INFORMAÇÃO	UNIVERSIDADE FEDERAL FLUMINENSE
9640543272532398	PERMANENTE	Masculino	CIÊNCIA DA INFORMAÇÃO	UNIVERSIDADE FEDERAL FLUMINENSE
3087665610359216	COLABORADOR	Feminino	CIÊNCIA DA INFORMAÇÃO	UNIVERSIDADE FEDERAL FLUMINENSE
2048406155037221	PERMANENTE	Feminino	CIÊNCIA DA INFORMAÇÃO	UNIVERSIDADE FEDERAL FLUMINENSE
1168388763137714	PERMANENTE	Feminino	CIÊNCIA DA INFORMAÇÃO	UNIVERSIDADE FEDERAL FLUMINENSE
9398149996443387	PERMANENTE	Feminino	CIÊNCIA DA INFORMAÇÃO	UNIVERSIDADE FEDERAL FLUMINENSE
3215827675996848	PERMANENTE	Feminino	CIÊNCIA DA INFORMAÇÃO	UNIVERSIDADE FEDERAL FLUMINENSE
9545682339961651	COLABORADOR	Feminino	CIÊNCIA DA INFORMAÇÃO	UNIVERSIDADE FEDERAL FLUMINENSE
9975130082216971	PERMANENTE	Masculino	CIÊNCIA DA INFORMAÇÃO	UNIVERSIDADE FEDERAL FLUMINENSE
8121967168913864	COLABORADOR	Feminino	CIÊNCIA DA INFORMAÇÃO	UNIVERSIDADE FEDERAL FLUMINENSE
1435722441644016	PERMANENTE	Feminino	CIÊNCIA DA INFORMAÇÃO	UNIVERSIDADE FEDERAL FLUMINENSE
6380929054652063	COLABORADOR	Masculino	CIÊNCIA DA INFORMAÇÃO	UNIVERSIDADE FEDERAL FLUMINENSE
5668344562019395	PERMANENTE	Feminino	CIÊNCIA DA INFORMAÇÃO	UNIVERSIDADE FEDERAL FLUMINENSE
6919374280380925	PERMANENTE	Feminino	CIÊNCIA DA INFORMAÇÃO	UNIVERSIDADE FEDERAL FLUMINENSE
2821128318835622	PERMANENTE	Feminino	CIÊNCIA DA INFORMAÇÃO	UNIVERSIDADE FEDERAL FLUMINENSE
7555772160147584	PERMANENTE	Feminino	CIÊNCIA DA INFORMAÇÃO	UNIVERSIDADE FEDERAL FLUMINENSE
0671166307420162	PERMANENTE	Feminino	CIÊNCIA DA INFORMAÇÃO	UNIVERSIDADE FEDERAL FLUMINENSE
2479344350959442	COLABORADOR	Feminino	CIÊNCIA DA INFORMAÇÃO	UNIVERSIDADE FEDERAL FLUMINENSE
8849217666537840	PERMANENTE	Feminino	CIÊNCIA DA INFORMAÇÃO	UNIVERSIDADE FEDERAL FLUMINENSE
3415354158735871	COLABORADOR	Masculino	CIÊNCIA DA INFORMAÇÃO	UNIVERSIDADE FEDERAL FLUMINENSE
0397190104268888	PERMANENTE	Masculino	CIÊNCIA DA INFORMAÇÃO	UNIVERSIDADE FEDERAL FLUMINENSE
4694576349618479	PERMANENTE	Feminino	CIÊNCIA DA INFORMAÇÃO	UNIVERSIDADE FEDERAL FLUMINENSE
6126712875843734	PERMANENTE	Masculino	CIÊNCIA DA INFORMAÇÃO	UNIVERSIDADE FEDERAL FLUMINENSE
5753423196315923	PERMANENTE	Feminino	CIÊNCIA DA INFORMAÇÃO	UNIVERSIDADE FEDERAL FLUMINENSE
6143079905555041	PERMANENTE	Masculino	CIÊNCIA DA INFORMAÇÃO	UNIVERSIDADE FEDERAL DO ESTADO DO RIO DE JANEIRO
3728452144265973	PERMANENTE	Feminino	CIÊNCIA DA INFORMAÇÃO	UNIVERSIDADE FEDERAL DO ESTADO DO RIO DE JANEIRO
6155301215674644	PERMANENTE	Feminino	CIÊNCIA DA INFORMAÇÃO	UNIVERSIDADE FEDERAL DO ESTADO DO RIO DE JANEIRO
3330664202102987	PERMANENTE	Masculino	CIÊNCIA DA INFORMAÇÃO	UNIVERSIDADE FEDERAL DO ESTADO DO RIO DE JANEIRO
1933365741854449	PERMANENTE	Feminino	CIÊNCIA DA INFORMAÇÃO	UNIVERSIDADE FEDERAL DO ESTADO DO RIO DE JANEIRO
3208337271858261	PERMANENTE	Masculino	CIÊNCIA DA INFORMAÇÃO	UNIVERSIDADE FEDERAL DO ESTADO DO RIO DE JANEIRO
2704338617799479	PERMANENTE	Masculino	CIÊNCIA DA INFORMAÇÃO	UNIVERSIDADE FEDERAL DO ESTADO DO RIO DE JANEIRO
7697379577056048	PERMANENTE	Feminino	CIÊNCIA DA INFORMAÇÃO	UNIVERSIDADE FEDERAL DO ESTADO DO RIO DE JANEIRO
3542831487060438	PERMANENTE	Feminino	CIÊNCIA DA INFORMAÇÃO	UNIVERSIDADE FEDERAL DO ESTADO DO RIO DE JANEIRO
8774777542544081	COLABORADOR	Feminino	CIÊNCIA DA INFORMAÇÃO	UNIVERSIDADE FEDERAL DO ESTADO DO RIO DE JANEIRO
3806798888576249	PERMANENTE	Masculino	CIÊNCIA DA INFORMAÇÃO	UNIVERSIDADE FEDERAL DO ESTADO DO RIO DE JANEIRO
9141623583081021	COLABORADOR	Feminino	CIÊNCIA DA INFORMAÇÃO	UNIVERSIDADE FEDERAL DO ESTADO DO RIO DE JANEIRO
7651879454100300	PERMANENTE	Masculino	CIÊNCIA DA INFORMAÇÃO	UNIVERSIDADE FEDERAL DO ESTADO DO RIO DE JANEIRO
9490009776453579	PERMANENTE	Masculino	CIÊNCIA DA INFORMAÇÃO	UNIVERSIDADE FEDERAL DO ESTADO DO RIO DE JANEIRO
8121967168913864	PERMANENTE	Feminino	CIÊNCIA DA INFORMAÇÃO	UNIVERSIDADE FEDERAL DO ESTADO DO RIO DE JANEIRO
6000538568017243	PERMANENTE	Feminino	CIÊNCIA DA INFORMAÇÃO	UNIVERSIDADE FEDERAL DO ESTADO DO RIO DE JANEIRO
0882043234210681	PERMANENTE	Feminino	CIÊNCIA DA INFORMAÇÃO	UNIVERSIDADE FEDERAL DO ESTADO DO RIO DE JANEIRO
7747657036741150	PERMANENTE	Feminino	CIÊNCIA DA INFORMAÇÃO	UNIVERSIDADE FEDERAL DO ESTADO DO RIO DE JANEIRO
1459853686434404	PERMANENTE	Masculino	CIÊNCIA DA INFORMAÇÃO	UNIVERSIDADE FEDERAL DO ESTADO DO RIO DE JANEIRO
4037983278239520	COLABORADOR	Feminino	CIÊNCIA DA INFORMAÇÃO	UNIVERSIDADE FEDERAL DO ESTADO DO RIO DE JANEIRO
5819423523394268	COLABORADOR	Feminino	CIÊNCIA DA INFORMAÇÃO	UNIVERSIDADE FEDERAL DO ESTADO DO RIO DE JANEIRO
0008148218524573	PERMANENTE	Feminino	CIÊNCIA DA INFORMAÇÃO	UNIVERSIDADE FEDERAL DO ESTADO DO RIO DE JANEIRO
7208056454262937	COLABORADOR	Masculino	CIÊNCIA DA INFORMAÇÃO	UNIVERSIDADE FEDERAL DO ESTADO DO RIO DE JANEIRO
5425242283874576	PERMANENTE	Masculino	CIÊNCIA DA INFORMAÇÃO	UNIVERSIDADE FEDERAL DO ESTADO DO RIO DE JANEIRO
5889970113074660	PERMANENTE	Masculino	CIÊNCIA DA INFORMAÇÃO	UNIVERSIDADE FEDERAL DO ESTADO DO RIO DE JANEIRO
9090064478702633	COLABORADOR	Feminino	CIÊNCIA DA INFORMAÇÃO	UNIVERSIDADE FEDERAL DO ESTADO DO RIO DE JANEIRO
9686940788640111	PERMANENTE	Feminino	CIÊNCIA DA INFORMAÇÃO	UNIVERSIDADE FEDERAL DO ESTADO DO RIO DE JANEIRO
1646741868261976	PERMANENTE	Masculino	CIÊNCIA DA INFORMAÇÃO	UNIVERSIDADE FEDERAL DO ESTADO DO RIO DE JANEIRO
2233874942329402	PERMANENTE	Feminino	CIÊNCIA DA INFORMAÇÃO	UNIVERSIDADE FEDERAL DO ESTADO DO RIO DE JANEIRO
3661612581538948	PERMANENTE	Feminino	CIÊNCIA DA INFORMAÇÃO	UNIVERSIDADE FEDERAL DO ESTADO DO RIO DE JANEIRO
8454243785833187	PERMANENTE	Feminino	CIÊNCIA DA INFORMAÇÃO	UNIVERSIDADE FEDERAL DO ESTADO DO RIO DE JANEIRO
0090255315552284	PERMANENTE	Masculino	CIÊNCIA DA INFORMAÇÃO	UNIVERSIDADE FEDERAL DO ESTADO DO RIO DE JANEIRO
0361195937660903	PERMANENTE	Feminino	CIÊNCIA DA INFORMAÇÃO	UNIVERSIDADE FEDERAL DO ESTADO DO RIO DE JANEIRO
9721655113808174	COLABORADOR	Masculino	CIÊNCIA DA INFORMAÇÃO	UNIVERSIDADE FEDERAL DO ESTADO DO RIO DE JANEIRO
8923817358777809	COLABORADOR	Masculino	CIÊNCIA DA INFORMAÇÃO	UNIVERSIDADE FEDERAL DO ESTADO DO RIO DE JANEIRO
6909041872447917	PERMANENTE	Feminino	CIÊNCIA DA INFORMAÇÃO	UNIVERSIDADE FEDERAL DO ESTADO DO RIO DE JANEIRO
8713013619609185	PERMANENTE	Masculino	CIÊNCIA DA INFORMAÇÃO	UNIVERSIDADE FEDERAL DO ESTADO DO RIO DE JANEIRO
5264867259795382	PERMANENTE	Feminino	CIÊNCIA DA INFORMAÇÃO	UNIVERSIDADE FEDERAL DO ESTADO DO RIO DE JANEIRO
6986762652734445	PERMANENTE	Feminino	CIÊNCIA DA INFORMAÇÃO	UNIVERSIDADE FEDERAL DO ESTADO DO RIO DE JANEIRO
1638018999454609	COLABORADOR	Feminino	CIÊNCIA DA INFORMAÇÃO	UNIVERSIDADE FEDERAL DO ESTADO DO RIO DE JANEIRO
8294828055636714	PERMANENTE	Feminino	CIÊNCIA DA INFORMAÇÃO	UNIVERSIDADE FEDERAL DO ESTADO DO RIO DE JANEIRO
1675500756212795	PERMANENTE	Feminino	CIÊNCIA DA INFORMAÇÃO	UNIVERSIDADE FEDERAL DO ESTADO DO RIO DE JANEIRO
2530231528011883	COLABORADOR	Feminino	CIÊNCIA DA INFORMAÇÃO	UNIVERSIDADE FEDERAL DO ESTADO DO RIO DE JANEIRO
3422623122948389	COLABORADOR	Masculino	CIÊNCIA DA INFORMAÇÃO	UNIVERSIDADE FEDERAL DO ESTADO DO RIO DE JANEIRO
0063501372958634	PERMANENTE	Feminino	CIÊNCIA DA INFORMAÇÃO	UNIVERSIDADE FEDERAL DO ESTADO DO RIO DE JANEIRO
5536314656072805	PERMANENTE	Masculino	CIÊNCIA DA INFORMAÇÃO	UNIVERSIDADE FEDERAL DO ESTADO DO RIO DE JANEIRO
9652223272629629	PERMANENTE	Masculino	CIÊNCIA DA INFORMAÇÃO	UNIVERSIDADE FEDERAL DO ESTADO DO RIO DE JANEIRO
7647422166759358	PERMANENTE	Feminino	CIÊNCIA DA INFORMAÇÃO	UNIVERSIDADE FEDERAL DO ESTADO DO RIO DE JANEIRO
2343843346662688	PERMANENTE	Feminino	CIÊNCIA DA INFORMAÇÃO	UNIVERSIDADE FEDERAL DO ESTADO DO RIO DE JANEIRO
5206195266468729	PERMANENTE	Feminino	CIÊNCIA DA INFORMAÇÃO	UNIVERSIDADE FEDERAL DO ESTADO DO RIO DE JANEIRO
0817031652271267	COLABORADOR	Feminino	CIÊNCIA DA INFORMAÇÃO	UNIVERSIDADE FEDERAL DO ESTADO DO RIO DE JANEIRO
9317111026989061	PERMANENTE	Masculino	CIÊNCIA DA INFORMAÇÃO	UNIVERSIDADE FEDERAL DE MINAS GERAIS
3328212638040851	PERMANENTE	Masculino	CIÊNCIA DA INFORMAÇÃO	UNIVERSIDADE FEDERAL DE MINAS GERAIS
5032971867774318	COLABORADOR	Feminino	CIÊNCIA DA INFORMAÇÃO	UNIVERSIDADE FEDERAL DE MINAS GERAIS
7235126549411503	COLABORADOR	Feminino	CIÊNCIA DA INFORMAÇÃO	UNIVERSIDADE FEDERAL DE MINAS GERAIS
2375895048109427	COLABORADOR	Feminino	CIÊNCIA DA INFORMAÇÃO	UNIVERSIDADE FEDERAL DE MINAS GERAIS
5485409441731702	PERMANENTE	Masculino	CIÊNCIA DA INFORMAÇÃO	UNIVERSIDADE FEDERAL DE MINAS GERAIS
8156406349115643	PERMANENTE	Feminino	CIÊNCIA DA INFORMAÇÃO	UNIVERSIDADE FEDERAL DE MINAS GERAIS
5217795669575718	PERMANENTE	Feminino	CIÊNCIA DA INFORMAÇÃO	UNIVERSIDADE FEDERAL DE MINAS GERAIS
5778077913636212	PERMANENTE	Feminino	CIÊNCIA DA INFORMAÇÃO	UNIVERSIDADE FEDERAL DE MINAS GERAIS
9006683778296973	COLABORADOR	Feminino	CIÊNCIA DA INFORMAÇÃO	UNIVERSIDADE FEDERAL DE MINAS GERAIS
2434972394883934	PERMANENTE	Feminino	CIÊNCIA DA INFORMAÇÃO	UNIVERSIDADE FEDERAL DE MINAS GERAIS
5412492257148196	PERMANENTE	Feminino	CIÊNCIA DA INFORMAÇÃO	UNIVERSIDADE FEDERAL DE MINAS GERAIS
9453097597745835	COLABORADOR	Masculino	CIÊNCIA DA INFORMAÇÃO	UNIVERSIDADE FEDERAL DE MINAS GERAIS
2249630112084998	COLABORADOR	Masculino	CIÊNCIA DA INFORMAÇÃO	UNIVERSIDADE FEDERAL DE MINAS GERAIS
7530542569873879	COLABORADOR	Feminino	CIÊNCIA DA INFORMAÇÃO	UNIVERSIDADE FEDERAL DE MINAS GERAIS
8243001226255815	PERMANENTE	Masculino	CIÊNCIA DA INFORMAÇÃO	UNIVERSIDADE FEDERAL DE MINAS GERAIS
8176475254927157	COLABORADOR	Feminino	CIÊNCIA DA INFORMAÇÃO	UNIVERSIDADE FEDERAL DE MINAS GERAIS
8966520652185410	PERMANENTE	Masculino	CIÊNCIA DA INFORMAÇÃO	UNIVERSIDADE FEDERAL DE MINAS GERAIS
6442935126020226	PERMANENTE	Feminino	CIÊNCIA DA INFORMAÇÃO	UNIVERSIDADE FEDERAL DE MINAS GERAIS
4162674522016220	PERMANENTE	Masculino	CIÊNCIA DA INFORMAÇÃO	UNIVERSIDADE FEDERAL DE MINAS GERAIS
0616315000241137	PERMANENTE	Feminino	CIÊNCIA DA INFORMAÇÃO	UNIVERSIDADE FEDERAL DE MINAS GERAIS
4009452150201421	PERMANENTE	Masculino	CIÊNCIA DA INFORMAÇÃO	UNIVERSIDADE FEDERAL DE MINAS GERAIS
4390865555343440	PERMANENTE	Masculino	CIÊNCIA DA INFORMAÇÃO	UNIVERSIDADE FEDERAL DE MINAS GERAIS
2186094231736251	PERMANENTE	Masculino	CIÊNCIA DA INFORMAÇÃO	UNIVERSIDADE FEDERAL DE MINAS GERAIS
5009062603063345	COLABORADOR	Masculino	CIÊNCIA DA INFORMAÇÃO	UNIVERSIDADE FEDERAL DE MINAS GERAIS
5218069708058487	PERMANENTE	Masculino	CIÊNCIA DA INFORMAÇÃO	UNIVERSIDADE FEDERAL DE MINAS GERAIS
3183050056105009	PERMANENTE	Feminino	CIÊNCIA DA INFORMAÇÃO	UNIVERSIDADE FEDERAL DE MINAS GERAIS
5336218259257800	PERMANENTE	Feminino	CIÊNCIA DA INFORMAÇÃO	UNIVERSIDADE FEDERAL DE MINAS GERAIS
6363095991840726	PERMANENTE	Masculino	CIÊNCIA DA INFORMAÇÃO	UNIVERSIDADE FEDERAL DE MINAS GERAIS
6523065261260011	PERMANENTE	Masculino	CIÊNCIA DA INFORMAÇÃO	UNIVERSIDADE FEDERAL DE MINAS GERAIS
9553707435669429	PERMANENTE	Masculino	CIÊNCIA DA INFORMAÇÃO	UNIVERSIDADE FEDERAL DE MINAS GERAIS
9782284339269646	COLABORADOR	Masculino	CIÊNCIA DA INFORMAÇÃO	UNIVERSIDADE FEDERAL DE MINAS GERAIS
0933539682074676	PERMANENTE	Feminino	CIÊNCIA DA INFORMAÇÃO	UNIVERSIDADE FEDERAL DE MINAS GERAIS
5084323621859190	PERMANENTE	Feminino	CIÊNCIA DA INFORMAÇÃO	UNIVERSIDADE FEDERAL DE MINAS GERAIS
8840124188505402	PERMANENTE	Masculino	CIÊNCIA DA INFORMAÇÃO	UNIVERSIDADE FEDERAL DE MINAS GERAIS
9503365193492380	PERMANENTE	Feminino	CIÊNCIA DA INFORMAÇÃO	UNIVERSIDADE FEDERAL DE MINAS GERAIS
1864473087690223	PERMANENTE	Masculino	CIÊNCIA DA INFORMAÇÃO	UNIVERSIDADE FEDERAL DE MINAS GERAIS
6126712875843734	PERMANENTE	Masculino	CIÊNCIA DA INFORMAÇÃO	UNIVERSIDADE FEDERAL DE MINAS GERAIS
8222736336322955	PERMANENTE	Feminino	CIÊNCIA DA INFORMAÇÃO	UNIVERSIDADE FEDERAL DE MINAS GERAIS
1807279435788513	PERMANENTE	Feminino	CIÊNCIA DA INFORMAÇÃO	UNIVERSIDADE FEDERAL DE MINAS GERAIS
4218954956709188	PERMANENTE	Feminino	CIÊNCIA DA INFORMAÇÃO	UNIVERSIDADE FEDERAL DE MINAS GERAIS
6224307970906388	PERMANENTE	Feminino	CIÊNCIA DA INFORMAÇÃO	UNIVERSIDADE FEDERAL DE MINAS GERAIS
4726949697973381	PERMANENTE	Masculino	CIÊNCIA DA INFORMAÇÃO	UNIVERSIDADE FEDERAL DE MINAS GERAIS
4271090306897767	PERMANENTE	Masculino	CIÊNCIA DA INFORMAÇÃO	UNIVERSIDADE FEDERAL DE MINAS GERAIS
3275908765222466	PERMANENTE	Feminino	CIÊNCIA DA INFORMAÇÃO	UNIVERSIDADE FEDERAL DE MINAS GERAIS
8531105272766089	COLABORADOR	Masculino	CIÊNCIA DA INFORMAÇÃO	UNIVERSIDADE FEDERAL DE MINAS GERAIS
3179079966117749	PERMANENTE	Feminino	CIÊNCIA DA INFORMAÇÃO	UNIVERSIDADE FEDERAL DE MINAS GERAIS
0146077522102988	PERMANENTE	Feminino	CIÊNCIA DA INFORMAÇÃO	UNIVERSIDADE FEDERAL DE MINAS GERAIS
5140588181933697	PERMANENTE	Masculino	CIÊNCIA DA INFORMAÇÃO	UNIVERSIDADE FEDERAL DE MINAS GERAIS
2803696275869287	PERMANENTE	Feminino	CIÊNCIA DA INFORMAÇÃO	UNIVERSIDADE FEDERAL DE MINAS GERAIS
8300496710272234	PERMANENTE	Masculino	CIÊNCIA DA INFORMAÇÃO	UNIVERSIDADE FUMEC
4447716184916277	PERMANENTE	Feminino	CIÊNCIA DA INFORMAÇÃO	UNIVERSIDADE FUMEC
3500824322517512	PERMANENTE	Masculino	CIÊNCIA DA INFORMAÇÃO	UNIVERSIDADE FUMEC
7442068334410248	PERMANENTE	Masculino	CIÊNCIA DA INFORMAÇÃO	UNIVERSIDADE FUMEC
3615797323442040	COLABORADOR	Feminino	CIÊNCIA DA INFORMAÇÃO	UNIVERSIDADE FUMEC
5642811185402139	COLABORADOR	Masculino	CIÊNCIA DA INFORMAÇÃO	UNIVERSIDADE FUMEC
2895266490164675	PERMANENTE	Masculino	CIÊNCIA DA INFORMAÇÃO	UNIVERSIDADE FUMEC
4348087237433332	COLABORADOR	Masculino	CIÊNCIA DA INFORMAÇÃO	UNIVERSIDADE FUMEC
9578124356618067	COLABORADOR	Feminino	CIÊNCIA DA INFORMAÇÃO	UNIVERSIDADE FUMEC
8430093047455073	COLABORADOR	Feminino	CIÊNCIA DA INFORMAÇÃO	UNIVERSIDADE FUMEC
6502942873335887	PERMANENTE	Masculino	CIÊNCIA DA INFORMAÇÃO	UNIVERSIDADE FUMEC
2119057158182202	COLABORADOR	Masculino	CIÊNCIA DA INFORMAÇÃO	UNIVERSIDADE FUMEC
2059721547043120	PERMANENTE	Feminino	CIÊNCIA DA INFORMAÇÃO	UNIVERSIDADE FUMEC
7121724013827539	COLABORADOR	Feminino	CIÊNCIA DA INFORMAÇÃO	UNIVERSIDADE FUMEC
3564597309576489	PERMANENTE	Masculino	CIÊNCIA DA INFORMAÇÃO	UNIVERSIDADE FUMEC
7124931056289027	PERMANENTE	Masculino	CIÊNCIA DA INFORMAÇÃO	UNIVERSIDADE FEDERAL DE SÃO CARLOS
0372192175262438	PERMANENTE	Masculino	CIÊNCIA DA INFORMAÇÃO	UNIVERSIDADE FEDERAL DE SÃO CARLOS
1584935790390793	PERMANENTE	Feminino	CIÊNCIA DA INFORMAÇÃO	UNIVERSIDADE FEDERAL DE SÃO CARLOS
4898201916360294	PERMANENTE	Feminino	CIÊNCIA DA INFORMAÇÃO	UNIVERSIDADE FEDERAL DE SÃO CARLOS
7327673330074701	PERMANENTE	Feminino	CIÊNCIA DA INFORMAÇÃO	UNIVERSIDADE FEDERAL DE SÃO CARLOS
4754764003480925	COLABORADOR	Masculino	CIÊNCIA DA INFORMAÇÃO	UNIVERSIDADE FEDERAL DE SÃO CARLOS
6958372164719600	PERMANENTE	Masculino	CIÊNCIA DA INFORMAÇÃO	UNIVERSIDADE FEDERAL DE SÃO CARLOS
7609135667093837	COLABORADOR	Feminino	CIÊNCIA DA INFORMAÇÃO	UNIVERSIDADE FEDERAL DE SÃO CARLOS
1170937498266968	PERMANENTE	Feminino	CIÊNCIA DA INFORMAÇÃO	UNIVERSIDADE FEDERAL DE SÃO CARLOS
5324289839207169	PERMANENTE	Masculino	CIÊNCIA DA INFORMAÇÃO	UNIVERSIDADE FEDERAL DE SÃO CARLOS
1291482506649810	PERMANENTE	Feminino	CIÊNCIA DA INFORMAÇÃO	UNIVERSIDADE FEDERAL DE SÃO CARLOS
9896600626524397	PERMANENTE	Feminino	CIÊNCIA DA INFORMAÇÃO	UNIVERSIDADE FEDERAL DE SÃO CARLOS
5381461208053330	PERMANENTE	Feminino	CIÊNCIA DA INFORMAÇÃO	UNIVERSIDADE FEDERAL DE SÃO CARLOS
0767710394930118	PERMANENTE	Masculino	CIÊNCIA DA INFORMAÇÃO	UNIVERSIDADE FEDERAL DE SÃO CARLOS
4226275371443693	PERMANENTE	Feminino	CIÊNCIA DA INFORMAÇÃO	UNIVERSIDADE FEDERAL DE SÃO CARLOS
9163421021115381	PERMANENTE	Feminino	CIÊNCIA DA INFORMAÇÃO	UNIVERSIDADE FEDERAL DE SÃO CARLOS
5602653417743793	PERMANENTE	Masculino	CIÊNCIA DA INFORMAÇÃO	UNIVERSIDADE FEDERAL DE SÃO CARLOS
7369575632657650	COLABORADOR	Feminino	CIÊNCIA DA INFORMAÇÃO	UNIVERSIDADE DE SÃO PAULO
4531433505351729	PERMANENTE	Feminino	CIÊNCIA DA INFORMAÇÃO	UNIVERSIDADE DE SÃO PAULO
3633524595837184	VISITANTE	Masculino	CIÊNCIA DA INFORMAÇÃO	UNIVERSIDADE DE SÃO PAULO
2986616715435331	PERMANENTE	Feminino	CIÊNCIA DA INFORMAÇÃO	UNIVERSIDADE DE SÃO PAULO
1070631453914536	COLABORADOR	Masculino	CIÊNCIA DA INFORMAÇÃO	UNIVERSIDADE DE SÃO PAULO
0806369390396060	VISITANTE	Masculino	CIÊNCIA DA INFORMAÇÃO	UNIVERSIDADE DE SÃO PAULO
5722744510274635	VISITANTE	Masculino	CIÊNCIA DA INFORMAÇÃO	UNIVERSIDADE DE SÃO PAULO
8933485589661265	PERMANENTE	Feminino	CIÊNCIA DA INFORMAÇÃO	UNIVERSIDADE DE SÃO PAULO
8176475254927157	PERMANENTE	Feminino	CIÊNCIA DA INFORMAÇÃO	UNIVERSIDADE DE SÃO PAULO
6156509933307243	PERMANENTE	Masculino	CIÊNCIA DA INFORMAÇÃO	UNIVERSIDADE DE SÃO PAULO
9499155021568732	PERMANENTE	Feminino	CIÊNCIA DA INFORMAÇÃO	UNIVERSIDADE DE SÃO PAULO
4693623482040856	PERMANENTE	Feminino	CIÊNCIA DA INFORMAÇÃO	UNIVERSIDADE DE SÃO PAULO
9499155021568732	PERMANENTE	Feminino	CIÊNCIA DA INFORMAÇÃO	UNIVERSIDADE DE SÃO PAULO
2141243303464173	COLABORADOR	Masculino	CIÊNCIA DA INFORMAÇÃO	UNIVERSIDADE DE SÃO PAULO
6449348266899431	PERMANENTE	Masculino	CIÊNCIA DA INFORMAÇÃO	UNIVERSIDADE DE SÃO PAULO
4531433505351729	PERMANENTE	Feminino	CIÊNCIA DA INFORMAÇÃO	UNIVERSIDADE DE SÃO PAULO
2141243303464173	PERMANENTE	Masculino	CIÊNCIA DA INFORMAÇÃO	UNIVERSIDADE DE SÃO PAULO
8007715109193414	PERMANENTE	Feminino	CIÊNCIA DA INFORMAÇÃO	UNIVERSIDADE DE SÃO PAULO
1070631453914536	PERMANENTE	Masculino	CIÊNCIA DA INFORMAÇÃO	UNIVERSIDADE DE SÃO PAULO
8007715109193414	VISITANTE	Feminino	CIÊNCIA DA INFORMAÇÃO	UNIVERSIDADE DE SÃO PAULO
1950508075947990	PERMANENTE	Masculino	CIÊNCIA DA INFORMAÇÃO	UNIVERSIDADE DE SÃO PAULO
7888755937461651	PERMANENTE	Feminino	CIÊNCIA DA INFORMAÇÃO	UNIVERSIDADE DE SÃO PAULO
7224504768054079	PERMANENTE	Masculino	CIÊNCIA DA INFORMAÇÃO	UNIVERSIDADE DE SÃO PAULO
2052055753251299	PERMANENTE	Masculino	CIÊNCIA DA INFORMAÇÃO	UNIVERSIDADE DE SÃO PAULO
7224504768054079	PERMANENTE	Masculino	CIÊNCIA DA INFORMAÇÃO	UNIVERSIDADE DE SÃO PAULO
3159202958465443	COLABORADOR	Masculino	CIÊNCIA DA INFORMAÇÃO	UNIVERSIDADE DE SÃO PAULO
6156509933307243	PERMANENTE	Masculino	CIÊNCIA DA INFORMAÇÃO	UNIVERSIDADE DE SÃO PAULO
2052055753251299	PERMANENTE	Masculino	CIÊNCIA DA INFORMAÇÃO	UNIVERSIDADE DE SÃO PAULO
5960356143788410	COLABORADOR	Feminino	CIÊNCIA DA INFORMAÇÃO	UNIVERSIDADE DE SÃO PAULO
4693623482040856	PERMANENTE	Feminino	CIÊNCIA DA INFORMAÇÃO	UNIVERSIDADE DE SÃO PAULO
5170688300970006	PERMANENTE	Feminino	CIÊNCIA DA INFORMAÇÃO	UNIVERSIDADE ESTADUAL PAULISTA JÚLIO DE MESQUITA FILHO ( MARÍLIA )
1484808558396980	PERMANENTE	Feminino	CIÊNCIA DA INFORMAÇÃO	UNIVERSIDADE ESTADUAL PAULISTA JÚLIO DE MESQUITA FILHO ( MARÍLIA )
1049186978910803	PERMANENTE	Masculino	CIÊNCIA DA INFORMAÇÃO	UNIVERSIDADE ESTADUAL PAULISTA JÚLIO DE MESQUITA FILHO ( MARÍLIA )
6106443387062363	PERMANENTE	Feminino	CIÊNCIA DA INFORMAÇÃO	UNIVERSIDADE ESTADUAL PAULISTA JÚLIO DE MESQUITA FILHO ( MARÍLIA )
6124696166344150	PERMANENTE	Masculino	CIÊNCIA DA INFORMAÇÃO	UNIVERSIDADE ESTADUAL PAULISTA JÚLIO DE MESQUITA FILHO ( MARÍLIA )
1744684558489377	PERMANENTE	Masculino	CIÊNCIA DA INFORMAÇÃO	UNIVERSIDADE ESTADUAL PAULISTA JÚLIO DE MESQUITA FILHO ( MARÍLIA )
5819951651545585	COLABORADOR	Masculino	CIÊNCIA DA INFORMAÇÃO	UNIVERSIDADE ESTADUAL PAULISTA JÚLIO DE MESQUITA FILHO ( MARÍLIA )
5562746387565465	PERMANENTE	Masculino	CIÊNCIA DA INFORMAÇÃO	UNIVERSIDADE ESTADUAL PAULISTA JÚLIO DE MESQUITA FILHO ( MARÍLIA )
9889031497844442	PERMANENTE	Feminino	CIÊNCIA DA INFORMAÇÃO	UNIVERSIDADE ESTADUAL PAULISTA JÚLIO DE MESQUITA FILHO ( MARÍLIA )
3901317157203491	PERMANENTE	Masculino	CIÊNCIA DA INFORMAÇÃO	UNIVERSIDADE ESTADUAL PAULISTA JÚLIO DE MESQUITA FILHO ( MARÍLIA )
0592809928580900	PERMANENTE	Feminino	CIÊNCIA DA INFORMAÇÃO	UNIVERSIDADE ESTADUAL PAULISTA JÚLIO DE MESQUITA FILHO ( MARÍLIA )
1022660730972320	PERMANENTE	Masculino	CIÊNCIA DA INFORMAÇÃO	UNIVERSIDADE ESTADUAL PAULISTA JÚLIO DE MESQUITA FILHO ( MARÍLIA )
6780125312954825	PERMANENTE	Masculino	CIÊNCIA DA INFORMAÇÃO	UNIVERSIDADE ESTADUAL PAULISTA JÚLIO DE MESQUITA FILHO ( MARÍLIA )
7400213779389091	COLABORADOR	Feminino	CIÊNCIA DA INFORMAÇÃO	UNIVERSIDADE ESTADUAL PAULISTA JÚLIO DE MESQUITA FILHO ( MARÍLIA )
5073860126319285	PERMANENTE	Feminino	CIÊNCIA DA INFORMAÇÃO	UNIVERSIDADE ESTADUAL PAULISTA JÚLIO DE MESQUITA FILHO ( MARÍLIA )
8938252042140828	COLABORADOR	Feminino	CIÊNCIA DA INFORMAÇÃO	UNIVERSIDADE ESTADUAL PAULISTA JÚLIO DE MESQUITA FILHO ( MARÍLIA )
0812422122265124	COLABORADOR	Feminino	CIÊNCIA DA INFORMAÇÃO	UNIVERSIDADE ESTADUAL PAULISTA JÚLIO DE MESQUITA FILHO ( MARÍLIA )
0475077117392892	VISITANTE	Feminino	CIÊNCIA DA INFORMAÇÃO	UNIVERSIDADE ESTADUAL PAULISTA JÚLIO DE MESQUITA FILHO ( MARÍLIA )
4652647090897148	PERMANENTE	Masculino	CIÊNCIA DA INFORMAÇÃO	UNIVERSIDADE ESTADUAL PAULISTA JÚLIO DE MESQUITA FILHO ( MARÍLIA )
6732213490679586	PERMANENTE	Feminino	CIÊNCIA DA INFORMAÇÃO	UNIVERSIDADE ESTADUAL PAULISTA JÚLIO DE MESQUITA FILHO ( MARÍLIA )
6027755717265622	PERMANENTE	Masculino	CIÊNCIA DA INFORMAÇÃO	UNIVERSIDADE ESTADUAL PAULISTA JÚLIO DE MESQUITA FILHO ( MARÍLIA )
6452895202161120	PERMANENTE	Feminino	CIÊNCIA DA INFORMAÇÃO	UNIVERSIDADE ESTADUAL PAULISTA JÚLIO DE MESQUITA FILHO ( MARÍLIA )
5658134053257855	PERMANENTE	Feminino	CIÊNCIA DA INFORMAÇÃO	UNIVERSIDADE ESTADUAL PAULISTA JÚLIO DE MESQUITA FILHO ( MARÍLIA )
7390573927636069	PERMANENTE	Feminino	CIÊNCIA DA INFORMAÇÃO	UNIVERSIDADE ESTADUAL PAULISTA JÚLIO DE MESQUITA FILHO ( MARÍLIA )
0772836405405573	PERMANENTE	Feminino	CIÊNCIA DA INFORMAÇÃO	UNIVERSIDADE ESTADUAL PAULISTA JÚLIO DE MESQUITA FILHO ( MARÍLIA )
1139786651111231	PERMANENTE	Feminino	CIÊNCIA DA INFORMAÇÃO	UNIVERSIDADE ESTADUAL PAULISTA JÚLIO DE MESQUITA FILHO ( MARÍLIA )
6530346906709462	PERMANENTE	Feminino	CIÊNCIA DA INFORMAÇÃO	UNIVERSIDADE ESTADUAL PAULISTA JÚLIO DE MESQUITA FILHO ( MARÍLIA )
1445931826215377	PERMANENTE	Feminino	CIÊNCIA DA INFORMAÇÃO	UNIVERSIDADE ESTADUAL PAULISTA JÚLIO DE MESQUITA FILHO ( MARÍLIA )
5109503945869909	PERMANENTE	Feminino	CIÊNCIA DA INFORMAÇÃO	UNIVERSIDADE ESTADUAL PAULISTA JÚLIO DE MESQUITA FILHO ( MARÍLIA )
8596568228676820	PERMANENTE	Masculino	CIÊNCIA DA INFORMAÇÃO	UNIVERSIDADE ESTADUAL PAULISTA JÚLIO DE MESQUITA FILHO ( MARÍLIA )
3954065076810604	COLABORADOR	Masculino	CIÊNCIA DA INFORMAÇÃO	UNIVERSIDADE ESTADUAL PAULISTA JÚLIO DE MESQUITA FILHO ( MARÍLIA )
4696188844031387	COLABORADOR	Masculino	CIÊNCIA DA INFORMAÇÃO	UNIVERSIDADE ESTADUAL PAULISTA JÚLIO DE MESQUITA FILHO ( MARÍLIA )
6380929054652063	PERMANENTE	Masculino	CIÊNCIA DA INFORMAÇÃO	UNIVERSIDADE ESTADUAL PAULISTA JÚLIO DE MESQUITA FILHO ( MARÍLIA )
5460972179410597	PERMANENTE	Feminino	CIÊNCIA DA INFORMAÇÃO	UNIVERSIDADE ESTADUAL PAULISTA JÚLIO DE MESQUITA FILHO ( MARÍLIA )
1951458905440926	PERMANENTE	Feminino	CIÊNCIA DA INFORMAÇÃO	FUNDACAO CASA DE RUI BARBOSA
1180749525319069	PERMANENTE	Feminino	CIÊNCIA DA INFORMAÇÃO	FUNDACAO CASA DE RUI BARBOSA
1640690518235989	PERMANENTE	Feminino	CIÊNCIA DA INFORMAÇÃO	FUNDACAO CASA DE RUI BARBOSA
7913911848859139	PERMANENTE	Feminino	CIÊNCIA DA INFORMAÇÃO	FUNDACAO CASA DE RUI BARBOSA
1349639993580935	PERMANENTE	Masculino	CIÊNCIA DA INFORMAÇÃO	FUNDACAO CASA DE RUI BARBOSA
3449174755012567	PERMANENTE	Feminino	CIÊNCIA DA INFORMAÇÃO	FUNDACAO CASA DE RUI BARBOSA
3422623122948389	COLABORADOR	Masculino	CIÊNCIA DA INFORMAÇÃO	FUNDACAO CASA DE RUI BARBOSA
4694576349618479	PERMANENTE	Feminino	CIÊNCIA DA INFORMAÇÃO	FUNDACAO CASA DE RUI BARBOSA
3015216414074763	PERMANENTE	Masculino	CIÊNCIA DA INFORMAÇÃO	FUNDACAO CASA DE RUI BARBOSA
8703487923189573	PERMANENTE	Feminino	CIÊNCIA DA INFORMAÇÃO	FUNDACAO CASA DE RUI BARBOSA
1408236113866904	PERMANENTE	Masculino	CIÊNCIA DA INFORMAÇÃO	FUNDACAO CASA DE RUI BARBOSA
8379579771424108	PERMANENTE	Masculino	CIÊNCIA DA INFORMAÇÃO	FUNDACAO CASA DE RUI BARBOSA
8621006353013998	PERMANENTE	Feminino	CIÊNCIA DA INFORMAÇÃO	FUNDACAO CASA DE RUI BARBOSA
8896101082853685	PERMANENTE	Feminino	CIÊNCIA DA INFORMAÇÃO	FUNDACAO CASA DE RUI BARBOSA
9830530815240859	PERMANENTE	Feminino	CIÊNCIA DA INFORMAÇÃO	FUNDACAO CASA DE RUI BARBOSA
0259346164802727	PERMANENTE	Feminino	CIÊNCIA DA INFORMAÇÃO	FUNDACAO CASA DE RUI BARBOSA
9303836829970241	PERMANENTE	Feminino	CIÊNCIA DA INFORMAÇÃO	UNIVERSIDADE ESTADUAL DE LONDRINA
5248079505422092	PERMANENTE	Feminino	CIÊNCIA DA INFORMAÇÃO	UNIVERSIDADE ESTADUAL DE LONDRINA
5491080011415256	PERMANENTE	Feminino	CIÊNCIA DA INFORMAÇÃO	UNIVERSIDADE ESTADUAL DE LONDRINA
4752632781155101	PERMANENTE	Feminino	CIÊNCIA DA INFORMAÇÃO	UNIVERSIDADE ESTADUAL DE LONDRINA
2141243303464173	PERMANENTE	Masculino	CIÊNCIA DA INFORMAÇÃO	UNIVERSIDADE ESTADUAL DE LONDRINA
3588218110877458	PERMANENTE	Feminino	CIÊNCIA DA INFORMAÇÃO	UNIVERSIDADE ESTADUAL DE LONDRINA
9104492904998473	PERMANENTE	Masculino	CIÊNCIA DA INFORMAÇÃO	UNIVERSIDADE ESTADUAL DE LONDRINA
9155213132741877	PERMANENTE	Feminino	CIÊNCIA DA INFORMAÇÃO	UNIVERSIDADE ESTADUAL DE LONDRINA
4749820780558382	PERMANENTE	Feminino	CIÊNCIA DA INFORMAÇÃO	UNIVERSIDADE ESTADUAL DE LONDRINA
9391057804931698	PERMANENTE	Feminino	CIÊNCIA DA INFORMAÇÃO	UNIVERSIDADE ESTADUAL DE LONDRINA
9293403585384915	PERMANENTE	Feminino	CIÊNCIA DA INFORMAÇÃO	UNIVERSIDADE ESTADUAL DE LONDRINA
7236712895240356	PERMANENTE	Masculino	CIÊNCIA DA INFORMAÇÃO	UNIVERSIDADE ESTADUAL DE LONDRINA
5602653417743793	PERMANENTE	Masculino	CIÊNCIA DA INFORMAÇÃO	UNIVERSIDADE ESTADUAL DE LONDRINA
9296179246118904	COLABORADOR	Masculino	CIÊNCIA DA INFORMAÇÃO	UNIVERSIDADE ESTADUAL DE LONDRINA
6305738943036308	PERMANENTE	Feminino	CIÊNCIA DA INFORMAÇÃO	UNIVERSIDADE ESTADUAL DE LONDRINA
8546252377315420	PERMANENTE	Feminino	CIÊNCIA DA INFORMAÇÃO	UNIVERSIDADE ESTADUAL DE LONDRINA
2601219157653725	PERMANENTE	Masculino	CIÊNCIA DA INFORMAÇÃO	UNIVERSIDADE ESTADUAL DE LONDRINA
6543436156553138	PERMANENTE	Feminino	CIÊNCIA DA INFORMAÇÃO	UNIVERSIDADE ESTADUAL DE LONDRINA
5012034338598304	COLABORADOR	Feminino	CIÊNCIA DA INFORMAÇÃO	UNIVERSIDADE ESTADUAL DE LONDRINA
7093169997866163	PERMANENTE	Masculino	CIÊNCIA DA INFORMAÇÃO	UNIVERSIDADE ESTADUAL DE LONDRINA
4767432940301118	PERMANENTE	Masculino	CIÊNCIA DA INFORMAÇÃO	UNIVERSIDADE FEDERAL DE SANTA CATARINA
0149028226656519	PERMANENTE	Masculino	CIÊNCIA DA INFORMAÇÃO	UNIVERSIDADE FEDERAL DE SANTA CATARINA
2818512057033481	PERMANENTE	Feminino	CIÊNCIA DA INFORMAÇÃO	UNIVERSIDADE FEDERAL DE SANTA CATARINA
1973469817655034	PERMANENTE	Masculino	CIÊNCIA DA INFORMAÇÃO	UNIVERSIDADE FEDERAL DE SANTA CATARINA
6305102076032900	PERMANENTE	Feminino	CIÊNCIA DA INFORMAÇÃO	UNIVERSIDADE FEDERAL DE SANTA CATARINA
3833417126925918	COLABORADOR	Masculino	CIÊNCIA DA INFORMAÇÃO	UNIVERSIDADE FEDERAL DE SANTA CATARINA
2609254559240670	PERMANENTE	Masculino	CIÊNCIA DA INFORMAÇÃO	UNIVERSIDADE FEDERAL DE SANTA CATARINA
6493679032893430	PERMANENTE	Masculino	CIÊNCIA DA INFORMAÇÃO	UNIVERSIDADE FEDERAL DE SANTA CATARINA
4687858846001290	PERMANENTE	Masculino	CIÊNCIA DA INFORMAÇÃO	UNIVERSIDADE FEDERAL DE SANTA CATARINA
1030772767470294	COLABORADOR	Masculino	CIÊNCIA DA INFORMAÇÃO	UNIVERSIDADE FEDERAL DE SANTA CATARINA
1818999454664723	PERMANENTE	Feminino	CIÊNCIA DA INFORMAÇÃO	UNIVERSIDADE FEDERAL DE SANTA CATARINA
6259487897392078	PERMANENTE	Masculino	CIÊNCIA DA INFORMAÇÃO	UNIVERSIDADE FEDERAL DE SANTA CATARINA
6923013263292185	PERMANENTE	Masculino	CIÊNCIA DA INFORMAÇÃO	UNIVERSIDADE FEDERAL DE SANTA CATARINA
4588973096462209	PERMANENTE	Masculino	CIÊNCIA DA INFORMAÇÃO	UNIVERSIDADE FEDERAL DE SANTA CATARINA
0144377022254487	PERMANENTE	Masculino	CIÊNCIA DA INFORMAÇÃO	UNIVERSIDADE FEDERAL DE SANTA CATARINA
1501432966944448	PERMANENTE	Masculino	CIÊNCIA DA INFORMAÇÃO	UNIVERSIDADE FEDERAL DE SANTA CATARINA
1307713177150719	PERMANENTE	Feminino	CIÊNCIA DA INFORMAÇÃO	UNIVERSIDADE FEDERAL DE SANTA CATARINA
3186874576738250	PERMANENTE	Feminino	CIÊNCIA DA INFORMAÇÃO	UNIVERSIDADE FEDERAL DE SANTA CATARINA
8153758173673961	PERMANENTE	Masculino	CIÊNCIA DA INFORMAÇÃO	UNIVERSIDADE FEDERAL DE SANTA CATARINA
7540571280471559	PERMANENTE	Feminino	CIÊNCIA DA INFORMAÇÃO	UNIVERSIDADE FEDERAL DE SANTA CATARINA
7379964103715413	PERMANENTE	Feminino	CIÊNCIA DA INFORMAÇÃO	UNIVERSIDADE FEDERAL DE SANTA CATARINA
1852532441492950	COLABORADOR	Masculino	CIÊNCIA DA INFORMAÇÃO	UNIVERSIDADE FEDERAL DE SANTA CATARINA
6722222615474343	PERMANENTE	Feminino	CIÊNCIA DA INFORMAÇÃO	UNIVERSIDADE FEDERAL DE SANTA CATARINA
5163191593965425	COLABORADOR	Feminino	CIÊNCIA DA INFORMAÇÃO	UNIVERSIDADE FEDERAL DE SANTA CATARINA
0352307428831262	COLABORADOR	Feminino	CIÊNCIA DA INFORMAÇÃO	UNIVERSIDADE DO ESTADO DE SANTA CATARINA
1234859590624941	PERMANENTE	Masculino	CIÊNCIA DA INFORMAÇÃO	UNIVERSIDADE DO ESTADO DE SANTA CATARINA
5860437073918922	PERMANENTE	Masculino	CIÊNCIA DA INFORMAÇÃO	UNIVERSIDADE DO ESTADO DE SANTA CATARINA
9176485678404469	VISITANTE	Feminino	CIÊNCIA DA INFORMAÇÃO	UNIVERSIDADE DO ESTADO DE SANTA CATARINA
6462168333441667	PERMANENTE	Feminino	CIÊNCIA DA INFORMAÇÃO	UNIVERSIDADE DO ESTADO DE SANTA CATARINA
9181524134984137	VISITANTE	Feminino	CIÊNCIA DA INFORMAÇÃO	UNIVERSIDADE DO ESTADO DE SANTA CATARINA
2805777083019311	COLABORADOR	Feminino	CIÊNCIA DA INFORMAÇÃO	UNIVERSIDADE DO ESTADO DE SANTA CATARINA
9018524527620180	PERMANENTE	Feminino	CIÊNCIA DA INFORMAÇÃO	UNIVERSIDADE DO ESTADO DE SANTA CATARINA
5548053465975710	PERMANENTE	Masculino	CIÊNCIA DA INFORMAÇÃO	UNIVERSIDADE DO ESTADO DE SANTA CATARINA
1247317226007147	PERMANENTE	Feminino	CIÊNCIA DA INFORMAÇÃO	UNIVERSIDADE DO ESTADO DE SANTA CATARINA
8082687123726293	COLABORADOR	Feminino	CIÊNCIA DA INFORMAÇÃO	UNIVERSIDADE DO ESTADO DE SANTA CATARINA
1599118875018269	PERMANENTE	Masculino	CIÊNCIA DA INFORMAÇÃO	UNIVERSIDADE DO ESTADO DE SANTA CATARINA
1061253090585911	PERMANENTE	Feminino	CIÊNCIA DA INFORMAÇÃO	UNIVERSIDADE DO ESTADO DE SANTA CATARINA
4713882118791156	PERMANENTE	Feminino	CIÊNCIA DA INFORMAÇÃO	UNIVERSIDADE DO ESTADO DE SANTA CATARINA
1820349689685348	COLABORADOR	Masculino	CIÊNCIA DA INFORMAÇÃO	UNIVERSIDADE DO ESTADO DE SANTA CATARINA
5814859475637460	PERMANENTE	Masculino	CIÊNCIA DA INFORMAÇÃO	UNIVERSIDADE DO ESTADO DE SANTA CATARINA
2491699071811572	PERMANENTE	Masculino	CIÊNCIA DA INFORMAÇÃO	UNIVERSIDADE DO ESTADO DE SANTA CATARINA
0155235005204514	COLABORADOR	Feminino	CIÊNCIA DA INFORMAÇÃO	UNIVERSIDADE DO ESTADO DE SANTA CATARINA
5098869785865293	PERMANENTE	Feminino	CIÊNCIA DA INFORMAÇÃO	UNIVERSIDADE DO ESTADO DE SANTA CATARINA
6918685083135065	PERMANENTE	Feminino	CIÊNCIA DA INFORMAÇÃO	UNIVERSIDADE DO ESTADO DE SANTA CATARINA
0024847996183993	COLABORADOR	Feminino	CIÊNCIA DA INFORMAÇÃO	UNIVERSIDADE DO ESTADO DE SANTA CATARINA
4660698668153332	PERMANENTE	Feminino	CIÊNCIA DA INFORMAÇÃO	UNIVERSIDADE DO ESTADO DE SANTA CATARINA
9156522374815871	VISITANTE	Feminino	CIÊNCIA DA INFORMAÇÃO	UNIVERSIDADE DO ESTADO DE SANTA CATARINA
2943569686047674	PERMANENTE	Masculino	CIÊNCIA DA INFORMAÇÃO	UNIVERSIDADE DO ESTADO DE SANTA CATARINA
2944177079112954	PERMANENTE	Feminino	CIÊNCIA DA INFORMAÇÃO	UNIVERSIDADE DO ESTADO DE SANTA CATARINA
3995942647359410	PERMANENTE	Feminino	CIÊNCIA DA INFORMAÇÃO	UNIVERSIDADE FEDERAL DO RIO GRANDE DO SUL
5627209208288722	PERMANENTE	Feminino	CIÊNCIA DA INFORMAÇÃO	UNIVERSIDADE FEDERAL DO RIO GRANDE DO SUL
4834791532698069	PERMANENTE	Feminino	CIÊNCIA DA INFORMAÇÃO	UNIVERSIDADE FEDERAL DO RIO GRANDE DO SUL
1458850189170755	COLABORADOR	Feminino	CIÊNCIA DA INFORMAÇÃO	UNIVERSIDADE FEDERAL DO RIO GRANDE DO SUL
5900345665779424	PERMANENTE	Masculino	CIÊNCIA DA INFORMAÇÃO	UNIVERSIDADE FEDERAL DO RIO GRANDE DO SUL
6542370154854198	PERMANENTE	Masculino	CIÊNCIA DA INFORMAÇÃO	UNIVERSIDADE FEDERAL DO RIO GRANDE DO SUL
0229801641242896	PERMANENTE	Feminino	CIÊNCIA DA INFORMAÇÃO	UNIVERSIDADE FEDERAL DO RIO GRANDE DO SUL
1734997653639992	PERMANENTE	Feminino	CIÊNCIA DA INFORMAÇÃO	UNIVERSIDADE FEDERAL DO RIO GRANDE DO SUL
0339496971217162	PERMANENTE	Masculino	CIÊNCIA DA INFORMAÇÃO	UNIVERSIDADE FEDERAL DO RIO GRANDE DO SUL
1304688580274983	PERMANENTE	Masculino	CIÊNCIA DA INFORMAÇÃO	UNIVERSIDADE FEDERAL DO RIO GRANDE DO SUL
5118387541734094	PERMANENTE	Feminino	CIÊNCIA DA INFORMAÇÃO	UNIVERSIDADE FEDERAL DO RIO GRANDE DO SUL
0569672544113959	PERMANENTE	Masculino	CIÊNCIA DA INFORMAÇÃO	UNIVERSIDADE FEDERAL DO RIO GRANDE DO SUL
6563330119993372	PERMANENTE	Feminino	CIÊNCIA DA INFORMAÇÃO	UNIVERSIDADE FEDERAL DO RIO GRANDE DO SUL
4635807083312321	PERMANENTE	Masculino	CIÊNCIA DA INFORMAÇÃO	UNIVERSIDADE FEDERAL DO RIO GRANDE DO SUL
5243732207004083	PERMANENTE	Feminino	CIÊNCIA DA INFORMAÇÃO	UNIVERSIDADE FEDERAL DO RIO GRANDE DO SUL
3991129099537472	PERMANENTE	Masculino	CIÊNCIA DA INFORMAÇÃO	UNIVERSIDADE DE BRASÍLIA
7080112300092250	PERMANENTE	Masculino	CIÊNCIA DA INFORMAÇÃO	UNIVERSIDADE DE BRASÍLIA
3092147925440268	PERMANENTE	Masculino	CIÊNCIA DA INFORMAÇÃO	UNIVERSIDADE DE BRASÍLIA
3170566653824541	PERMANENTE	Feminino	CIÊNCIA DA INFORMAÇÃO	UNIVERSIDADE DE BRASÍLIA
5059429476738704	PERMANENTE	Feminino	CIÊNCIA DA INFORMAÇÃO	UNIVERSIDADE DE BRASÍLIA
8046282601245273	PERMANENTE	Feminino	CIÊNCIA DA INFORMAÇÃO	UNIVERSIDADE DE BRASÍLIA
4752236489901895	PERMANENTE	Masculino	CIÊNCIA DA INFORMAÇÃO	UNIVERSIDADE DE BRASÍLIA
7191530003940077	PERMANENTE	Feminino	CIÊNCIA DA INFORMAÇÃO	UNIVERSIDADE DE BRASÍLIA
2683882609392455	PERMANENTE	Masculino	CIÊNCIA DA INFORMAÇÃO	UNIVERSIDADE DE BRASÍLIA
7846212059366799	PERMANENTE	Masculino	CIÊNCIA DA INFORMAÇÃO	UNIVERSIDADE DE BRASÍLIA
7033301273963724	PERMANENTE	Feminino	CIÊNCIA DA INFORMAÇÃO	UNIVERSIDADE DE BRASÍLIA
8531105272766089	PERMANENTE	Masculino	CIÊNCIA DA INFORMAÇÃO	UNIVERSIDADE DE BRASÍLIA
4609811632387529	PERMANENTE	Feminino	CIÊNCIA DA INFORMAÇÃO	UNIVERSIDADE DE BRASÍLIA
5810994575541911	PERMANENTE	Feminino	CIÊNCIA DA INFORMAÇÃO	UNIVERSIDADE DE BRASÍLIA
9941441906608746	PERMANENTE	Masculino	CIÊNCIA DA INFORMAÇÃO	UNIVERSIDADE DE BRASÍLIA
5541636086123721	PERMANENTE	Feminino	CIÊNCIA DA INFORMAÇÃO	UNIVERSIDADE DE BRASÍLIA
7471330631188406	PERMANENTE	Feminino	CIÊNCIA DA INFORMAÇÃO	UNIVERSIDADE DE BRASÍLIA
7851064698387435	COLABORADOR	Masculino	CIÊNCIA DA INFORMAÇÃO	UNIVERSIDADE DE BRASÍLIA
8175059045027748	COLABORADOR	Masculino	CIÊNCIA DA INFORMAÇÃO	UNIVERSIDADE DE BRASÍLIA
3774617443225038	PERMANENTE	Masculino	CIÊNCIA DA INFORMAÇÃO	UNIVERSIDADE DE BRASÍLIA
7471118579735377	COLABORADOR	Feminino	CIÊNCIA DA INFORMAÇÃO	UNIVERSIDADE DE BRASÍLIA
1923828283438124	COLABORADOR	Masculino	CIÊNCIA DA INFORMAÇÃO	UNIVERSIDADE DE BRASÍLIA
2413567691663920	COLABORADOR	Feminino	CIÊNCIA DA INFORMAÇÃO	UNIVERSIDADE DE BRASÍLIA
3364096778603273	PERMANENTE	Masculino	CIÊNCIA DA INFORMAÇÃO	UNIVERSIDADE DE BRASÍLIA
